Title,"Cost Total","GCU Contact","Date Submitted","Name of Software Company","Date of Launch","Date of Renewal"
"1.0 Movavi Video Converter",49.95,,1/6/20,Movavi,11/15/22,
"1.0 Remote Syslog Forwarding",2394.63,,6/22/20,"Enterprise Networks Solutions Inc",6/22/20,6/22/20
8/26/2021,,,8/26/21,,11/30/22,
"A Test for Elizabeth",,"kyle traber",5/25/22,Everythingforyou,5/25/22,
"Ableton Live 9 Lite",,,5/5/18,Ableton,5/5/18,5/5/18
"Academic Support",4000,"Mark Wilty",7/6/21,"Retain Technologies, Inc",6/19/20,6/19/20
"Access Badges",5980,"Tira Montgomery",1/11/21,"Transact Campus Inc",1/11/21,1/11/21
Accordance,,,7/19/17,OakTree,7/19/17,7/19/17
"Accurip Black Pearl",,,6/9/17,AccuRIP,6/9/17,6/9/17
"ACD ChemSketch",,,11/12/19,"ACD Labs",11/12/19,11/12/19
"Acrobat Professional",41.1,"Chris Sweets",8/28/20,"Software One Inc",8/28/20,8/28/20
"Active Client",,,12/14/16,"Military CAC",12/14/16,12/14/16
"Active Directory",,,1/2/20,,1/1/20,1/1/20
"Active Tables for Adobe InDesign",,,4/27/21,,11/28/22,
"Activity Vue",,,1/1/20,,1/1/20,1/1/20
ACTRA,300,,8/26/20,"Arizona Cyber Threat Response Alliance Inc",8/26/20,8/26/20
"Acuity Scheduling",,,9/30/21,,11/28/22,
"Adobe Acrobat (cost associated)",,,8/6/19,,11/28/22,
"Adobe Acrobat Connect Pro",,,9/12/17,"Software One Inc",9/12/17,9/12/17
"Adobe Acrobat Pro",840.92,,12/30/20,"Software One Inc",12/30/20,12/30/20
"Adobe Acrobat Reader",,,4/29/22,,11/28/22,
"Adobe Creative Cloud",236.41,,12/14/20,"Software One Inc",12/15/20,12/15/20
"Adobe Digital Editions",,,8/6/19,"Software One Inc",8/6/19,8/6/19
"Adobe Flash",,,8/6/19,"Software One Inc",8/6/19,8/6/19
"Adobe LiveCycle",,,4/30/19,"Software One Inc",4/30/19,4/30/19
"Adobe Shockwave",,,8/6/19,"Software One Inc",8/6/19,8/6/19
"Adobe Sign",,,11/5/19,"Software One Inc",11/5/19,11/5/19
"Adobe XD (Plug-ins)",,,3/8/22,,11/28/22,
"AED Manager 2.1 Software - Powerheart(r) G5",,,5/31/19,,11/28/22,
Aerohive,34193.88,,1/15/21,"CD's IT Consulting",1/15/21,1/15/21
Aha!,1258.72,"Mark Fallows",7/16/20,"Aha! Labs Inc",7/16/20,7/16/20
AirMedia,,,8/11/20,"Creston Electronics Inc",8/11/20,8/11/20
"A-L Tier II",1500,"Tira Montgomery",9/1/20,"Paciolan LLC",9/1/20,9/1/20
Alertus,,,1/4/20,,1/1/20,1/1/20
"Alliance Software",15750,"Terry Guerrero",10/8/20,Cyrun,10/8/20,10/8/20
"Analyzer Software",10875,,6/4/20,"Arbutus Software, Inc",6/4/20,6/4/20
"Android Studio",,,3/11/20,Android,3/11/20,3/11/20
"Apex 3D Printing",,,8/6/19,Apex,8/6/19,8/6/19
"Apex Airwolf",,,2/20/18,Apex,2/20/18,2/20/18
apowersoft,,,9/20/17,,11/28/22,
"Apple Internet Accounts",,,5/4/22,,11/28/22,
Apply,,,1/5/20,,1/1/20,1/1/20
Appsense,,,1/6/20,,1/1/20,1/1/20
Apptus,,,10/16/20,"Apptus Inc",10/16/20,10/16/20
Apttus,,,7/10/20,"Apttus Inc",7/10/20,7/10/20
Arbutus,4875,,6/18/21,Arbutus,6/18/20,6/18/20
ARCHICAD,,,9/24/20,ArchiCAD,9/24/20,9/24/20
"ArchiCAD Plus",6300,"Melodee Franco",8/5/20,ArchiCAD,8/5/20,8/5/20
Arduino,,,7/26/21,,11/29/22,
"Arkaos MediaMaster Pro",,,8/6/19,Arkaos,8/6/19,8/6/19
"Articulate Story Line 3",,,2/4/19,"Articulate Global Inc",2/4/19,2/4/19
"Articulate Storyline",27603.75,,5/20/20,"Articulate Global Inc",5/20/20,5/20/20
"Articulate Storyline",2419.52,,11/20/20,"Software One Inc",11/20/20,11/20/20
Asana,,,1/8/21,,1/8/21,1/8/21
Aspose,6815.91,,7/22/20,"SHI International Corp.",7/22/20,7/22/20
"Asset Panda",3459.31,"Cienna Hernandez",5/26/20,"Asset Panda LLC",5/26/20,5/26/20
Athletics,,,2/10/20,"Winthrop Intelligence LLC",2/10/20,2/10/20
Atlassian,,,5/5/22,,11/29/22,
"ATS (Athletic Training Software)",,,8/6/19,,8/6/19,8/6/19
Audacity,,,8/6/19,"Muse Group",8/6/19,8/6/19
"Audinate Dante Controller",,,3/13/18,,11/29/22,
"Audinate Dante Virtual Soundcard",,,3/13/18,,11/29/22,
"Audio Box",,,9/15/20,"iCoreTech Inc",9/15/20,9/15/20
"Augmented Reality App",2000,,5/28/20,"Augmented Reality",5/28/20,5/28/20
"Auralia Cloud",,,3/12/20,"Rising Software",3/12/20,3/12/20
AutoCad,,,8/6/19,Autodesk,8/6/19,8/6/19
"Autodesk Remake",,,8/6/19,Autodesk,8/6/19,8/6/19
AutoHotKey,,,8/6/19,,11/29/22,
"Automation Direct Productivity Suite",,,10/14/21,,11/29/22,
Awareity,2762,"Terry Guerrero",11/5/20,"Awareity, Inc",11/5/20,11/5/20
AXCrypt,,,2/15/19,"AXCrypt Software",2/15/19,2/15/19
Axis,,,1/26/22,,11/29/22,
"Azure Dev Tools",499,,3/2/20,"Microsoft Online Inc",3/2/20,3/2/20
"B2B CRM (Business 2 Business)",,,1/7/20,,1/1/20,1/1/20
"Bamboo Create",,,4/14/20,,4/14/20,4/14/20
BarCloud,29520,,11/3/20,"Touma Inc",11/3/20,11/3/20
BarCloud,,,1/8/20,"Touma Inc",1/1/20,1/1/20
Baselines,2848,,7/9/20,"Healthy Roster Inc",7/9/20,7/9/20
Baselines,875,,8/27/20,"ImPACT Applications Inc",8/27/20,8/27/20
"BBVA Net Cash",,,12/2/20,BBVA,12/2/20,12/2/20
"BetterYou App",1250,"Jessica Defoy",5/29/20,"BetterTime Co",5/29/20,5/29/20
BibleWorks,,,9/2/21,,11/29/22,
"Big Blue Button",4400,,5/20/20,"Blindside Networks",5/20/20,5/20/20
BioDigital,12000,,7/7/20,BioDigital,7/7/20,7/7/20
"Bit Locker",,,1/9/20,,1/1/20,1/1/20
"Bitvise SSH Client",,,8/6/19,"Bitvise Limited",8/6/19,8/6/19
BitWarden,,,11/3/21,,11/29/22,
"Black Magic",,,8/6/19,Dartfish,8/6/19,8/6/19
"BlackBerry Messenger",,,8/6/19,,11/29/22,
"BlackBerry Protect + Optics",84000,,6/25/20,"Cylance Inc",6/25/20,6/25/20
Blackboard,4821.69,,2/3/20,"Blackboard Inc",2/3/20,2/3/20
"BlackMagic Video Desktop",,,8/6/19,Dartfish,8/6/19,8/6/19
"Blender 2.8",,,1/13/20,"Blender Foundation",1/13/20,1/13/20
"Bloomberg Terminal",,,4/25/22,,11/29/22,
"Blue Ocean Brain",2123.33,,5/22/20,"The Rowing Team LLC",5/22/20,5/22/20
BlueBeam,,,5/20/21,,11/29/22,
BobCAD-CAM,,,8/6/19,Bobcam,8/6/19,8/6/19
Box,,,8/6/19,,11/29/22,
"BP Unity",400,,1/14/21,Unity,1/14/21,1/14/21
"BPO Deem",47508,,1/12/21,"DEEM Inc.",1/12/21,1/12/21
"BPO Levementum Project",98228,,1/6/21,"Levementum LLC",1/6/21,1/6/21
"Brand Management",,,11/30/20,Frontify,11/30/20,11/30/20
"BrightAuthor Connected",,,5/7/20,"Bright Sign",5/7/20,5/7/20
"Brother Scanners/Printers (Common UDR Install)",,,8/6/19,"Brother Industries, Ltd",8/6/19,8/6/19
BrowserStack,2388,"Sandy Dantzer",3/27/20,"BrowserStack Inc",3/27/20,3/27/20
"C2G AV Controller Manager",,,3/9/21,,11/29/22,
"CA Technologies",17080,,4/9/20,"CA, INC",4/9/20,4/9/20
"CAC Reader",,,12/11/19,"MIlitary CAC",12/11/19,12/11/19
"CAE Extended",48000,,8/12/20,"CAE Healthcare Inc",8/12/20,8/12/20
Calabrio,,,1/10/20,,1/1/20,1/1/20
"CalDigit TS3 Plus Driver",,,4/20/20,,11/29/22,
Calendly,1752.3,,12/7/20,"Calendly LLC",12/7/20,12/7/20
Calendly,,,6/14/18,"Calendly LLC",6/14/18,6/14/18
Calibre,,,4/8/21,,11/29/22,
"CamBam CNC",,,8/6/19,"HexRay Ltd",8/6/19,8/6/19
CampusKit,17500,"Camillia Bonasera",11/12/20,"Involvio LLC",11/12/20,11/12/20
CampusManagement,37500,,1/3/20,"Anthology Inc",1/3/20,1/3/20
CampusNexus,2073348.99,,1/5/21,"Anthology Inc",1/5/21,1/5/21
CampusVue,5000,,1/11/20,"Anthology Inc",1/1/20,1/1/20
"CampusVue Pro",37500,,9/1/20,"Anthology Inc",9/1/20,9/1/20
CamStudio,,,8/6/19,,11/29/22,
"Camtasia Studio",,,8/6/19,TechSmith,8/6/19,8/6/19
Canvas,142120,,10/6/20,"Instructure Inc",10/6/20,10/6/20
Capsure,,,8/6/19,"Capsure Co",8/6/19,8/6/19
Capsure,,,8/6/19,,11/29/22,
Capsure,,,3/13/18,,11/29/22,
"Capture One",,,11/13/20,"Phase One",11/13/20,11/13/20
"CCH Access",,,7/11/19,"CCH Incorportated",7/11/19,7/11/19
"CCH Fixed Assets",1438.95,,1/11/21,"CCH Incorporated",1/11/21,1/11/21
Ccleaner,,,8/6/19,,11/29/22,
"CCPS Fee",1200,,1/9/21,"Nursing Consortium of South Florida Inc",1/9/21,1/9/21
CDXZipStream,,,9/24/15,"CDX Tech",9/24/15,9/24/15
Centercode,21600,,3/2/20,"Centercode Inc",3/2/20,3/2/20
"CFASync (Go to college fairs Scanner)",,,8/6/19,,11/29/22,
"C-Free Compiler",,,11/25/19,,11/29/22,
"Charms Subscription",349,,8/30/19,"Dorian Business Systems Inc.",8/30/19,8/30/19
"Chat Beacon",,,6/19/19,,11/29/22,
"Check-in Beacos",,,1/7/21,SDK,1/7/21,1/7/21
CheckPoint,4348.83,,10/9/19,"Eplus Technology Inc",10/9/19,10/9/19
CheqRoom,4412,"Vanessa Jones",8/10/20,CheqRoom,8/10/20,8/10/20
"Chi-Tester Exam Delivery",21760,,12/14/20,"Chi-Squared Software Inc",12/14/20,12/14/20
CIRT,,,1/12/20,,1/1/20,1/1/20
"Cisco CAD",,,1/13/20,"Cisco Systems, Inc",1/1/20,1/1/20
"Cisco IP Communicator SoftPhone",,,1/14/20,"Cisco Systems, Inc",1/1/20,1/1/20
"Cisco Jabber",,,8/6/19,,11/29/22,
"Cisco Toolkit",,,1/15/20,"Cisco Systems, Inc",1/1/20,1/1/20
"CITI Program",4000,"Jeri Burns",1/4/21,BRANY,1/4/21,1/4/21
"Citrix Director",,,1/16/20,"Citrix Systems",1/1/20,1/1/20
"Citrix Workspace",,,1/17/20,"Citrix Systems",1/1/20,1/1/20
Clairvoyant,4320000,,11/16/20,"Clairvoyant LLC",11/16/20,11/16/20
"Cleanfeed LLP",,,12/10/20,"Cleanfeed LLP",12/10/20,12/10/20
"Click To Dial",800,,1/19/21,"InGenius Software Inc.",1/19/21,1/19/21
"Client Analytics Portal (CAP)",,,8/6/19,,11/29/22,
CLion,,,1/9/20,,11/29/22,
Cloud,,,11/5/20,"Softlayer Technologies Inc",11/5/20,11/5/20
"Cloud Storage/File Sharing",,,12/17/20,"Box Inc",12/17/20,12/17/20
Cloudinary,66,,12/7/20,"Cloudinary Inc",12/7/20,12/7/20
"Club Sports DocuSign",5040,"Mari Mondragon",6/12/20,"Docusign, Inc",6/12/20,6/12/20
"Cockpit ",,,2/23/21,,11/29/22,
CollegeSource,21967,,3/23/20,"College Source Inc",3/23/20,3/23/20
Concur,53231.83,,12/9/20,"Concur Technologies, Inc.",12/9/20,12/9/20
Concur,1500,,7/22/20,"Concur Technologies, Inc.",7/22/20,7/22/20
Concur,,,1/18/20,"Concur Technologies, Inc.",1/1/20,1/1/20
"Configuration Manager (SCCM)",,,1/19/20,,1/1/20,1/1/20
"Contact Tracing",3280,,10/17/19,Estimote,10/17/19,10/17/19
"ConTEXT Editor",,,8/6/19,,8/6/19,8/6/19
"Core FTP",,,5/21/21,,11/29/22,
Coupa,9045.75,"Jarrod Simmons",11/12/20,"Coupa Software, Inc",11/12/20,11/12/20
Coupa,943.56,"Ryan Brown",8/27/20,"Coupa Software, Inc",8/27/20,8/27/20
Coupa,,,1/20/20,"Coupa Software, Inc",1/1/20,1/1/20
Creately,59.4,,1/16/21,Creately,1/16/21,1/16/21
CreateStudio,,,4/25/22,,11/29/22,
"Creative Suite Products",,,1/1/21,Adobe,1/1/21,1/1/21
"Crestron Airmedia",,,3/3/22,,11/29/22,
Cricut,,,1/6/21,,11/29/22,
CRM,3000,,11/6/19,"Microsoft Dynamics",11/6/19,11/6/19
CRM,,,1/21/20,,1/1/20,1/1/20
CrowdStrike,52458,,1/27/20,"Optiv Security Inc",1/27/20,1/27/20
"CS Gold",,,8/6/19,,8/6/19,8/6/19
CTLQ,,,8/6/19,,8/6/19,8/6/19
"CUTE FTP",,,10/12/20,"Software One Inc",10/12/20,10/12/20
"Cutting Master 3",,,7/19/17,,7/19/17,7/19/17
CyberDuck,,,11/17/20,,11/17/20,11/17/20
"Cygwin Compiler for CLion",,,1/15/20,,1/15/20,1/15/20
"Cygwin Compiler for CLion",,,1/14/21,,11/29/22,
Cyrun,15750,,9/17/19,"Alliance Software Maintenance & Support Inv.",9/17/19,9/17/19
Dartfish,2000,,1/13/20,"Dartfish USA",1/13/20,1/13/20
DartFish,,,8/6/19,"Dartfish USA",8/6/19,8/6/19
Dashlane,,,8/6/19,"Dashlane, Inc",8/6/19,8/6/19
Dashline,,,1/25/17,,11/29/22,
"Data Project VolleyBall EScoresheets",,,1/17/17,,1/17/17,1/17/17
"Data Volley 4",600,,10/7/20,"Genius Sports Media Inc",10/7/20,10/7/20
DatAdvantage,,,12/28/20,"Custom Storage Inc",12/28/20,12/28/20
Datatel,,,1/22/20,,1/1/20,1/1/20
DataVolley,,,4/6/20,"Data Project USA",4/6/20,4/6/20
"Davinci Resolve",,,8/6/19,,8/6/19,8/6/19
"Davinci Resolve",2076.24,,8/6/19,,11/29/22,
Deploybot,600,,11/19/20,Deploybot,11/19/20,11/19/20
"Desktop and Online Mixing System Desktop Version",,,7/10/17,,7/10/17,7/10/17
"Diamond System Builder",,,2/28/22,,11/29/22,
Die,,,8/6/19,,11/29/22,
"DietMaster Pro",,,8/6/19,,11/29/22,
"DiffChecker (Paid)",,,1/5/21,,1/5/21,1/5/21
"DigiCert SSL",6000,,12/3/20,"DigiCert Inc",12/3/20,12/3/20
"Discovery Accelerator",,,8/6/19,,11/29/22,
"DisplayLink Manager",,,3/3/22,,11/29/22,
Docusign,630,"Emily Meador",8/31/20,"Docusign, Inc",8/31/20,8/31/20
"Dragon Naturally Speaking",,,8/6/19,,11/29/22,
Dragonfly,,,9/15/14,,9/15/14,9/15/14
"Drawings X Pro",,,5/16/19,,5/16/19,5/16/19
Dreamweaver,,,8/6/19,,8/6/19,8/6/19
"Drobo Dashboard",,,8/6/19,,8/6/19,8/6/19
DropBox,6988.89,"Blake Morrow",8/11/20,"DropBox inc",8/11/20,8/11/20
"Dropbox/Mass online storage software",,,8/6/19,,11/29/22,
DTP,,,11/29/22,,11/29/22,
"Duet Display",,,10/4/21,,11/29/22,
"Duplicate Tab Add On",,,8/6/19,,11/29/22,
DVSport,1000,,7/18/20,"DVSport Inc",7/18/20,7/18/20
"DWG TrueView Free",,,8/24/16,,8/24/16,8/24/16
"Dymo Label Writer",,,8/6/19,,8/6/19,8/6/19
"Eagle PCB",,,5/21/21,,11/29/22,
"EASE Focus 3",,,12/8/21,,11/29/22,
"EasyOne On-PC Connect",,,5/28/20,,5/28/20,5/28/20
"Eclipse IDE EE for Java Enterprise Developers",,,5/20/21,,11/29/22,
EdConnect,,,8/6/19,,11/29/22,
"E-Learning Brothers",3570,,6/12/20,"E-Learning Brothers",6/12/20,6/12/20
Eloqua,7321.01,Eloqua,9/24/20,"Validity Inc",9/24/20,9/24/20
"Email Protection (TAP)",85484,,5/26/20,"Enterprise Network Solutions Inc.",5/26/20,5/26/20
"Email Templates",400,,6/16/20,"Stripo Inc",6/16/20,6/16/20
EMC,,,8/6/19,,8/6/19,8/6/19
"EMC Software",,,1/23/20,,1/1/20,1/1/20
"EMG Analyzer",,,8/6/19,,8/6/19,8/6/19
"EMS Software",3569,,1/30/20,"Climatec LLC",1/30/20,1/30/20
"Endnote (plug-in works with Write-n-Cite)",,,8/6/19,,11/29/22,
"Enterprise Cloud Subscription",2800,,12/1/20,"Enterprise Cloud",12/1/20,12/1/20
"Enterprise Protectoin",,,2/14/20,"Eplus Technology Inc",2/14/20,2/14/20
"Epi Info",,,8/6/19,,8/6/19,8/6/19
eRoom,,,8/6/19,,8/6/19,8/6/19
eSpatial,,,2/13/20,"eSpatial Inc",2/13/20,2/13/20
"ESRI Licensing",3000,,9/22/20,ESRI,9/22/20,9/22/20
"Essentials Team Olympic",489,,1/5/21,"Front Rush LLC",1/5/21,1/5/21
E-Sword,,,8/6/19,,8/6/19,8/6/19
"Evaluation Kit",4725,,4/28/20,"Watermark Insights LLC",4/28/20,4/28/20
"Evaluation Kit",,,1/4/21,"Watermark Insights LLC",1/4/21,1/4/21
"Event Booking",,,4/29/20,"Cvent, Inc",4/29/20,4/29/20
"Event Booking",1250,,5/11/20,EventBooking.com,5/11/20,5/11/20
Evernote,,,11/29/22,,11/29/22,
"Evidence Sync",,,12/16/15,,12/16/15,12/16/15
"Exam View",,,1/24/20,,1/1/20,1/1/20
"Exchange admin",,,6/15/22,,6/15/22,
"Exchange admin",,,1/25/20,,1/1/20,1/1/20
"Expert TA Online",13000,,12/22/20,"Expert TA LLC",12/22/20,12/22/20
"Extended DISX",,,11/20/20,"Extended DISC North America Inc",11/20/20,11/20/20
Extensis,1842,,4/16/20,"Celartem Inc",4/16/20,4/16/20
EZProxy,5776.32,,7/22/20,"Online Computer Library Center, Inc",7/22/20,7/22/20
F.lux,,,8/6/19,,11/29/22,
"Facilities Management",,,4/27/20,"RSP Architects LTD",4/27/20,4/27/20
"FastRecruit Plus",11000,,6/19/20,"Fast Model Technologies LLC",6/19/20,6/19/20
"FastScout Plus",7000,"Don Drysdale",10/2/20,"Fast Model Technologies LLC",10/2/20,10/2/20
"FedEx Ship manager",,,8/6/19,,8/6/19,8/6/19
"Fedex Toolbox",,,6/4/19,,6/4/19,6/4/19
Fiddler,,,10/17/16,,10/17/16,10/17/16
FileBound,700,,11/30/20,"Western Office Systems",11/30/20,11/30/20
FileBound,38469.04,,3/19/20,"Western Office Systems",3/19/20,3/19/20
FileBound,,,1/26/20,,1/1/20,1/1/20
FileZilla,,,1/27/20,,1/1/20,1/1/20
"FIM â GCU â Forefront Identity Manager",,,2/16/20,,1/1/20,1/1/20
"Final Cut Pro",299.99,"Tira Montgomery",10/5/20,"Apple, Inc.",10/5/20,10/5/20
"Finale Notepad",,,8/6/19,,8/6/19,8/6/19
Firefox,,,12/29/21,,11/29/22,
"FirstCom Music",6829,"Cienna Hernandez",3/6/20,"Music Z Tunes LLC",3/6/20,3/6/20
FITBIT,,,5/3/16,,5/3/16,5/3/16
"FlashLink Program Manager",,,2/28/22,,11/29/22,
"FLEX GTS",1710,"Ha Cao",7/27/20,"Flex Rental Solutions LLC",7/27/20,7/27/20
Flipgrid,,,4/28/22,,11/29/22,
FM,,,1/28/20,,1/1/20,1/1/20
"FM Systems",4901.32,,10/15/20,"FM:Systems Group LLC",10/15/20,10/15/20
"FM Systems",61249.53,"Tira Montgomery",7/29/20,"FM: Systems Group LLC",7/29/20,7/29/20
"Font Explorer (Trial)",,,8/6/19,,11/29/22,
"Font Explorer Pro",,,8/6/19,,11/29/22,
FontLab7,,,3/19/21,,11/29/22,
Fontself,,,3/19/21,,11/29/22,
Forticlient,,,10/29/20,,11/29/22,
"Four Winds",44995.35,,12/9/20,"ConnectedSign, LLC",12/9/20,12/9/20
"Frame.io Transfer",,,11/5/20,,11/29/22,
"Freedom Scientific (JAWS)",,,8/6/19,,8/6/19,8/6/19
"Frontline Plus Solver, Excel Add-On",,,8/6/19,,8/6/19,8/6/19
FSI,,,1/29/20,,1/1/20,1/1/20
FTP,3000,,2/26/20,"FTP Today",2/26/20,2/26/20
"Fujitsu ScanSnap Software for S1500",,,2/24/21,,11/29/22,
FullStory,18725.5,,9/24/20,"FullStory Inc",9/24/20,9/24/20
FullStory,42464.3,,6/29/20,"FullStory Inc",6/29/20,6/29/20
Fundraker,14995,,8/10/20,eTeamSponsor,8/10/20,8/10/20
"Fusion (Innosoft)",,,8/6/20,,11/29/22,
"Fusion (Rock Gym Pro)",,,6/24/20,,6/24/20,6/24/20
Fuze,,,8/6/19,,11/29/22,
"G Power",,,8/6/19,,11/29/22,
"Game Plan",6356,"Don Drysdale",7/14/20,"Game Theory Group International",7/14/20,7/14/20
GameSalad,,,1/28/16,,1/28/16,1/28/16
"Garmin Express",,,10/23/16,,10/23/16,10/23/16
Gartner,41050,"Ryan Brown",9/26/19,"Gartner, Inc",9/26/19,9/26/19
Gaumard,1080.58,"Vanessa Slaughter",9/11/19,"Gaumard Scientific Co Inc",9/11/19,9/11/19
GaussView,3250,"Jessica Silva",3/27/20,Gaussian,3/27/20,3/27/20
GCE.com,,,1/31/20,,1/1/20,1/1/20
"GCU Marketing",,,2/2/20,,1/1/20,1/1/20
GCU.edu,,,1/30/20,,1/1/20,1/1/20
Gcumail.gcu.edu,,,2/1/20,,1/1/20,1/1/20
GetList,,,2/3/20,,1/1/20,1/1/20
GGLEAP,3000,"Ha Cao",11/30/20,"GGCircuit LLC",11/30/20,11/30/20
Gimp,,,8/6/19,,11/29/22,
GitHub,600,,1/15/20,"GitHub, Inc",1/15/20,1/15/20
"Go Fuse",,,7/17/15,,7/17/15,7/17/15
"Google Analytics Debugger",,,3/1/22,,11/29/22,
"Google Earth",,,8/6/19,,8/6/19,8/6/19
"GoPro Studio",,,8/6/19,,11/29/22,
GoToMeeting,,,8/6/19,,8/6/19,8/6/19
"GP Intercompany Posting",1750,,9/16/19,"Nolan Business Solutions",9/16/19,9/16/19
GradeAssist,,,11/6/19,,11/29/22,
"Great Plains",,,5/20/20,"Microsoft Dynamics",5/20/20,5/20/20
"Great Plains",,,2/4/20,,1/1/20,1/1/20
Greenshot,,,6/22/21,,11/29/22,
G-Suite,,,6/2/20,Google,6/2/20,6/2/20
"health and wellness app",1250,"Jessica Defoy",7/20/20,"BetterTime Co",7/20/20,7/20/20
"HID Origo",7500,,4/16/20,"HID Global Corporation",4/16/20,4/16/20
"Hog 4 PC",,,8/6/19,,11/29/22,
"Host Analytics",,,8/6/19,,8/6/19,8/6/19
"Host Analytics",,,2/5/20,,1/1/20,1/1/20
Hotjar,5301,,5/15/20,"Hotjar LTD",5/15/20,5/15/20
"HP Scanners/Printers",,,8/6/19,,8/6/19,8/6/19
Huddly,,,9/1/21,,11/29/22,
"Hudl Gold",,,7/7/20,Hudl,7/7/20,7/7/20
iAuditor,684,,2/21/20,"SafetyCulture Pty Ltd",2/21/20,2/21/20
Igloo,151622.5,,2/21/20,"Igloo, Inc",2/21/20,2/21/20
"Igloo File Manager",,,2/22/22,,11/29/22,
"Image Credit",,,1/23/20,iStock,1/23/20,1/23/20
"Imaging Systems",,,3/14/20,"Analytical Technologies Group LLC",3/14/20,3/14/20
iMedRIS,43104,,4/23/20,"iMedRIS Data Corporation",4/23/20,4/23/20
ImmediaCare,27700,"Ryan Masterson",12/7/20,"Immedia LLC",12/7/20,12/7/20
"Immersive Reader",,,6/19/19,,11/29/22,
"In Reach Sync",,,8/6/19,,8/6/19,8/6/19
InaPort,,,11/23/20,"InaPlex, Inc",11/23/20,11/23/20
"Incident Response Consulting",3500,,11/6/19,"Chu Solutions LLC",11/6/19,11/6/19
InDesign,101.25,InDesign,12/10/20,"Software One Inc",12/10/20,12/10/20
Ingenius,20000,,4/13/20,"Ingeniux Corporation",4/13/20,4/13/20
Inkscape,,,8/2/21,,11/29/22,
"Innosoft Fusion",,,7/31/20,"Innosoft Canada Inc",7/31/20,7/31/20
"Innosoft FusionGO App",2000,"Jessica Defoy",4/2/20,"InnoSoft Canada Inc",4/2/20,4/2/20
"Insight SAP",28830.35,"Insight SAP",11/10/20,"Insigh Public Sector",11/10/20,11/10/20
"Insignia NS - PU 96203",,,8/6/19,,11/29/22,
"Insta360 Stitcher",,,11/3/22,,11/29/22,
Inswan,,,8/21/20,,8/21/20,8/21/20
"Intel Quartus Prime",,,5/10/22,,11/29/22,
"IntelliJ IDEA",,,11/24/21,,11/29/22,
"Inventory Logistics",,,7/8/20,"Management One Ltd",7/8/20,7/8/20
Ipay,,,1/3/20,,1/1/20,1/1/20
"IPEVO Presenter",,,8/6/19,,11/29/22,
iPrintAndScan,,,6/9/22,,11/28/22,
"Irise Reader",,,8/6/19,,11/29/22,
"i-Sight Case Management",15000,,7/8/20,"Customer Expressions Corp",7/8/20,7/8/20
IssueTrak,345,,2/24/20,"IssueTrak Inc",2/24/20,2/24/20
IssueTrak,,,2/6/20,,1/1/20,1/1/20
"IT Consulting",,,4/9/20,"Ashworth Consulting LLC",4/9/20,4/9/20
iTunes,,,2/7/20,,1/1/20,1/1/20
"Itunes(IOS Users)",,,8/6/19,,8/6/19,8/6/19
IWMS,5762,"Elizabeth Guerrero",3/20/20,"RSP Architects LTS",3/20/20,3/20/20
JAMF,8900,,8/6/20,"JAMF Software LLC",8/6/20,8/6/20
"Java JDK 16",,,5/20/21,,11/29/22,
JES,,,8/6/19,,11/29/22,
JetBrains,3569,,2/13/20,"JetBrains Americas Inc",2/13/20,2/13/20
Jing,,,8/6/19,,11/29/22,
JIRA,,,10/6/20,JIRA,10/6/20,10/6/20
JMP,,,8/6/19,,8/6/19,8/6/19
"Jtech Commander Echo Downloader",,,8/6/19,,8/6/19,8/6/19
"Judial Educator",,,7/23/20,"Reslife.Net LTD",7/23/20,7/23/20
Jumpshare.app,,,1/20/21,,11/29/22,
Jython,,,8/6/19,,11/29/22,
K40Whisperer,,,8/2/21,,11/29/22,
Kahoot.IT,180,,5/14/20,Kahoot!,5/14/20,5/14/20
"Key Systems GFMS V 3.0",,,3/23/22,,11/29/22,
"Keyence VHX-7000_970F_COMMSOFT_1_4_23_17_0",,,5/6/21,,11/29/22,
"Keylogging software",,,8/6/19,,11/29/22,
Kurzweil,,,8/6/19,,8/6/19,8/6/19
KwikTag,23690,,2/24/20,"ImageTag, Inc",2/24/20,2/24/20
"LabChart Support",,,2/18/20,,11/29/22,
Labsoft,,,8/6/19,,8/6/19,8/6/19
LabView,5980,,11/9/20,"National Instruments",11/9/20,11/9/20
LabView,,,8/6/19,,8/6/19,8/6/19
"LambdaTest LIVE",180,,11/24/20,LambdaTest,11/24/20,11/24/20
LAPS,,,2/8/20,,1/1/20,1/1/20
LastPass,1671.9,,8/4/20,"LogMeIn USA Inc",8/4/20,8/4/20
Launchy,,,8/6/19,,11/29/22,
"Learning Management System",79500,,7/7/20,"Prometheus Development Inc",7/7/20,7/7/20
Leica,,,8/6/19,,8/6/19,8/6/19
"Liberty Player",,,8/6/19,,8/6/19,8/6/19
Lightwright,,,4/1/20,,11/29/22,
"LinkedIn Sales Navigator",15200,,11/5/20,"LinkedIn Corporation",11/5/20,11/5/20
"Linux Academy",1476,,11/3/20,"Linux Academy, Inc",11/3/20,11/3/20
"Lisa Analytics",,,12/11/19,,12/11/19,12/11/19
LivePerson,,,8/6/19,,8/6/19,8/6/19
LLEAP,,,8/15/19,,8/15/19,8/15/19
"LLEAP ",,,8/15/19,,11/29/22,
"Local SEO Monitor",,,1/9/21,MOZ,1/9/21,1/9/21
"Logger Pro 3",,,8/6/19,,8/6/19,8/6/19
"Logitech Gaming Software",,,1/13/20,,11/29/22,
"Logitech Options",,,12/6/21,,11/29/22,
"Logitech Unifying",,,2/4/21,,11/29/22,
"Logitech Unifying Software",,,1/2/21,,11/29/22,
"Logitech Webcam Software (LWS251.exe)",,,8/6/19,,8/6/19,8/6/19
"LogMeIn Last Pass",2376,,12/30/20,"LogMeIn USA Inc",12/30/20,12/30/20
Logos,,,10/1/20,,10/1/20,10/1/20
Loom,,,8/6/19,,8/6/19,8/6/19
"Lope Shops",,,10/23/20,"Joomag Inc",10/23/20,10/23/20
Lopenet,,,2/9/20,,1/1/20,1/1/20
"Lopes Learning Center",,,2/10/20,,1/1/20,1/1/20
"LoudBook File",,,8/6/19,,8/6/19,8/6/19
LoudCloud,,,2/3/20,"BNED LoudCloud, LLC",2/3/20,2/3/20
LoudCloud,,,2/11/20,,1/1/20,1/1/20
"LPKF CircuitPro PM 2.3",,,6/11/21,,11/29/22,
MacroCreator,,,8/6/19,,11/29/22,
"Maintenance Tool Software",,,2/28/22,,11/29/22,
"Make Free",,,3/12/16,,3/12/16,3/12/16
MakeMusic,1800,,9/8/20,MakeMusic,9/8/20,9/8/20
MakerBot,,,8/6/19,,8/6/19,8/6/19
Malwarebytes,,,8/6/19,,11/29/22,
"Map Business Online",,,1/19/21,,1/19/21,1/19/21
"Marching Order",3023.5,"Tira Montgomery",11/2/20,"Development Cubed Software",11/2/20,11/2/20
Mathplayer,,,1/23/19,,1/23/19,1/23/19
Mathworks,50292.89,,5/15/20,"The Mathworks Inc",5/15/20,5/15/20
MatLab,,,3/31/17,,3/31/17,3/31/17
Maven,,,11/24/21,,11/29/22,
MAXQDA,,,8/6/19,,8/6/19,8/6/19
MaxQDA,,,4/27/18,,4/27/18,4/27/18
"MAXQDA 2019 Standard",16000,"Jeri Burns",10/22/19,"VERBI Software GmbH",10/22/19,10/22/19
"MaxQDA 2020 Standard",16000,"Jeri Burns",6/22/20,"VERBI Software GmbH",6/22/20,6/22/20
Maya,7315.64,,2/4/20,Autodesk,2/4/20,2/4/20
Maya,,,1/15/21,Autodesk,1/15/21,1/15/21
"Maya LT",,,3/9/22,,11/29/22,
"Media Suite Recorder",,,8/21/20,,8/21/20,8/21/20
Mendeley,,,8/6/19,,8/6/19,8/6/19
"MergeTools Word Add-in",,,3/9/21,,11/29/22,
"Mesh Baker / Skinn Pro",105.14,,9/9/20,"Unity Technologies",9/9/20,9/9/20
"Microchip MPLAB(r) X IDE v3.40",,,10/5/16,,10/5/16,10/5/16
"Microsoft A3",,,10/12/20,"Dell Computer Corporation",10/12/20,10/12/20
"Microsoft Azure",200,,10/26/20,"Dell Computer Corporation",10/26/20,10/26/20
"Microsoft Azure",,,10/26/20,"Dell Computer Corporation",10/26/20,10/26/20
"Microsoft HUP",,,2/13/20,,1/1/20,1/1/20
"Microsoft Learning Tools",,,8/6/19,,8/6/19,8/6/19
"Microsoft Movie Maker",,,8/6/19,,8/6/19,8/6/19
"Microsoft Office",,,2/14/20,,1/1/20,1/1/20
"Microsoft Power Automate Desktop",,,8/30/21,,11/29/22,
"Microsoft Power Automate Extensions",,,2/28/22,,11/29/22,
"Microsoft Powertoys",,,3/1/22,,11/29/22,
"Microsoft Premier Support",194300,,9/25/20,"Microsoft Corporation",9/25/20,9/25/20
"Microsoft Silverlight",,,2/17/20,,1/1/20,1/1/20
"Microsoft SQL",,,3/15/22,,11/29/22,
"Microsoft Sway",,,8/6/19,,11/29/22,
"Microsoft Training",2995,,9/1/20,"GainShare, Inc",9/1/20,9/1/20
"MIM â GCE â Microsoft Identity Manager",,,2/15/20,,1/1/20,1/1/20
"MisterHorse Plugin",,,8/6/19,,11/29/22,
Monday.com,1908,"Ha Cao",11/12/20,Monday.com,11/12/20,11/12/20
"Motion Rocket",3230,"Ha Cao",9/23/20,"MotionRocket LLC",9/23/20,9/23/20
Mouseflow,10368,"Julian Estiva",9/15/20,"Mouseflow Inc",9/15/20,9/15/20
MPLABX,,,9/9/15,,9/9/15,9/9/15
MPP/FSPP,57820,,5/11/20,"Higher One Inc",5/11/20,5/11/20
"MS Project",,,2/25/20,,1/1/20,1/1/20
Mudbox,85,,1/20/21,Autodesk,1/20/21,1/20/21
"Multi Site",75,,6/25/20,"Touma Inc",6/25/20,6/25/20
"Musition Cloud",,,3/12/20,,3/12/20,3/12/20
Myapps.gcu.edu,,,2/12/20,,1/1/20,1/1/20
MySQL,,,8/6/19,,8/6/19,8/6/19
"MySQL Installer",,,1/11/22,,11/29/22,
NacSport,,,4/9/21,,11/29/22,
"NCAA LiveStats",,,1/28/19,,1/28/19,1/28/19
"NEC NaViSet-Admin2  ",,,8/31/20,,11/30/22,
Neoloader,,,9/8/17,,9/8/17,9/8/17
Netskope,54889.32,,7/27/20,"Optiv Security Inc",7/27/20,7/27/20
NetVuPoint,,,2/18/20,,1/1/20,1/1/20
"New Relic",34680,,3/17/20,"New Relic Inc",3/17/20,3/17/20
"NexTouch POS",,,10/21/20,NexTouch,10/21/20,10/21/20
"NI ELVISmx",,,8/28/21,,11/30/22,
NICE,,,8/6/19,,11/30/22,
Ninite,,,2/19/20,,1/1/20,1/1/20
Ninja,18900,,8/19/20,"NinjaRMM LLC",8/19/20,8/19/20
"Nintex ProMapp",19250,"Cienna Hernandez",6/10/20,"Nintex USA Inc",6/10/20,6/10/20
Node.js,,,1/11/21,,11/30/22,
Noteflight,549,,8/19/20,"Noteflight LLC",8/19/20,8/19/20
Notepad++,,,7/24/20,,11/30/22,
"Nursing Consortium CCPS",1200,"Carrie Butler",3/25/20,"Nursing Consortium of South Florida Inc",3/25/20,3/25/20
"NVDA Screen Reader Software",,,8/6/19,,8/6/19,8/6/19
"NVDA Screen Reader Software",,,8/6/19,,11/30/22,
"OBS Studio",,,3/16/20,,3/16/20,3/16/20
"ODBC Driver for SQL Server",,,9/9/14,,11/30/22,
"Office Timeline",,,7/9/21,,11/30/22,
OfficeStd,18670,,11/26/19,"CD's IT Consulting",11/26/19,11/26/19
"Omnichannel APIs",,,6/10/22,,11/30/22,
"OneDrive for Slack",,,4/29/22,,11/30/22,
OnGuard,1376.67,"Ha Cao",7/28/20,"Corporate Technology Solutions LLC",7/28/20,7/28/20
"Online Community",1188,"Beth Bruner",1/7/21,Ning,1/7/21,1/7/21
"Online Orientation",32000,"Cassidy Hunt",6/3/20,"Comevo Inc",6/3/20,6/3/20
"OpenOffice(Install on netops)",,,8/6/19,,11/30/22,
"OpenShot Video Editor",,,10/12/20,,10/12/20,10/12/20
"Opticon Appload",,,9/23/21,,11/30/22,
"Oracle Eloqua",50493.72,,9/2/20,"Oracle America, Inc",9/2/20,9/2/20
"OSIRIS NCBI",,,12/8/17,,12/8/17,12/8/17
"Oxygen XML Editor Academic",8878.5,"Madison Strong",12/10/20,"Oxygen XML Editor Academic",12/10/20,12/10/20
PageBurst,,,8/6/19,,8/6/19,8/6/19
Paint.NET,,,12/21/20,,12/21/20,12/21/20
Palisade,,,10/5/18,,10/5/18,10/5/18
"Palo Alto",10605,,1/4/21,"Enterprise Network Solutions Inc.",1/4/21,1/4/21
PaperCut,,,2/20/20,,1/1/20,1/1/20
Paragon,,,8/29/19,,11/30/22,
"Parchment Receiver",2346.55,,12/10/20,"Parchment Inc",12/10/20,12/10/20
ParScan,,,7/16/19,,7/16/19,7/16/19
PasteItIn,,,3/22/22,,11/30/22,
Payeezy,5000,,1/5/21,"Anthology Inc",1/5/21,1/5/21
"Payment Processors",,,5/11/20,"POSData Group Inc",5/11/20,5/11/20
"Payroll Services",,,1/4/21,"ADP Inc",1/4/21,1/4/21
"PDF Creator",,,8/6/19,,8/6/19,8/6/19
Perla,,,8/6/19,,11/30/22,
Perrla,,,8/6/19,,11/30/22,
"PFU Printer - ScanSnap",,,11/18/20,,11/18/20,11/18/20
PhoneGap,,,1/28/16,,1/28/16,1/28/16
"Photo Mechanic Software",150,,4/27/18,,11/28/22,
"PhotoShelter CC Connector",,,5/20/22,,11/30/22,
"Photron Fast Cam",,,2/26/21,,11/30/22,
"Phrase Express",,,9/7/21,,11/30/22,
PingFederate/PingOne,89271.4,,9/28/20,"Ping Identity Corporation",9/28/20,9/28/20
PingID,,,2/21/20,,1/1/20,1/1/20
"Plan Starter",5000,"Don Drysdale",5/15/20,"Opendorse Inc",5/15/20,5/15/20
Planful,119947.33,,4/2/20,"Planful Inc",4/2/20,4/2/20
PlayerTek,,,8/6/19,,8/6/19,8/6/19
Playmaker,,,3/13/20,"Playmaker Inc",3/13/20,3/13/20
"PLC Logix",2212.5,,7/6/21,,11/30/22,
"PLC Logix 5000",2212.5,,12/30/20,"PLC Logix 5000",12/30/20,12/30/20
"Point of Sale Systems",,,1/9/21,"Transact Campus Inc",1/9/21,1/9/21
"Poll Everywhere",30900,,6/12/20,"Poll Everywhere, Inc",6/12/20,6/12/20
"Poll Everywhere",,,8/6/19,,8/6/19,8/6/19
"Poll Everywhere",,,2/22/20,,1/1/20,1/1/20
POS,14323.09,"Tira Montgomery",8/28/20,"One Step Data Inc",8/28/20,8/28/20
"PostgreSQL 14.1",,,1/18/22,,11/30/22,
"Power BI",,,8/6/19,,8/6/19,8/6/19
"Power Pivot",,,8/6/19,,8/6/19,8/6/19
"Powerheart(r) G5 - AED Manager 2.1",,,6/3/19,,6/3/19,6/3/19
Powershell,558.6,,2/23/20,,1/1/20,1/1/20
"PowerShell Studio",,,4/22/20,"SAPIEN Technologies Inc",4/22/20,4/22/20
"PowerWorld Dynamics Studio",,,12/22/21,,11/30/22,
"Premium Scanner (College Fairs)",,,8/6/19,,8/6/19,8/6/19
"Prezi (free trial)",,,8/6/19,,8/6/19,8/6/19
PrintCampus,,,2/24/20,,1/1/20,1/1/20
"Pro Apps Bundle",414.91,,1/5/21,"Apple, Inc.",1/5/21,1/5/21
"Pro Tools First",,,8/6/19,,8/6/19,8/6/19
ProctorU,21000,,9/14/20,"ProctorU Inc",9/14/20,9/14/20
"Product Design",,,5/21/20,Invision,5/21/20,5/21/20
"Production Truck",,,12/13/21,,11/30/22,
"Professional Services",,,11/11/20,"Hye Tech Network & Security Solutions LLC",11/11/20,11/11/20
"Project Libre",,,10/3/18,,10/3/18,10/3/18
ProofPoint,,,8/27/19,"Enterprise Network Solutions Inc.",8/27/19,8/27/19
"ProQuest OneSearch",,,5/9/22,,11/30/22,
"ProtoTRAK TMX Offline Software",,,11/27/19,,11/30/22,
"PTC Mathcad Express",,,8/6/19,,8/6/19,8/6/19
Pycharm,,,8/6/19,,11/30/22,
Pyramed,1500,,8/19/20,"PyraMED Health Systems",8/19/20,8/19/20
Pyramed,,,12/28/20,"Media Highway",12/28/20,12/28/20
Python,,,8/6/19,,11/30/22,
Pyware,,,8/6/19,,8/6/19,8/6/19
"Q-SYS Designer",,,6/8/21,,11/30/22,
Qualys,38257.02,,8/26/20,"Qualys Inc",8/26/20,8/26/20
"Quick Connect",,,2/26/20,,1/1/20,1/1/20
"Quickie Plus",270,,8/17/20,"ZenDesk, Inc",8/17/20,8/17/20
"Quicktime Player",,,8/6/19,,8/6/19,8/6/19
"R Studio",,,3/15/22,,11/30/22,
"Rave Mobile Safety",4482.77,"Terry Guerrero",2/6/20,"Rave Wireless, Inc",2/6/20,2/6/20
Reallusion,,,3/9/22,,11/30/22,
RealRecruit,16800,"Mark Wilty",7/1/20,"RealRecruit LLC",7/1/20,7/1/20
Recast,4320,"Chad Troxel",4/3/20,"Recast LLC",4/3/20,4/3/20
"Red Apple Workflow Installer",,,4/1/20,,4/1/20,4/1/20
"Red Cine X",,,8/6/19,,8/6/19,8/6/19
"Redshift Rendering",500,,1/16/20,"RedShift Rendering Technologies Inc",1/16/20,1/16/20
Refworks,,,12/9/20,,12/9/20,12/9/20
"Remark Office OMR 9.5.16",,,3/9/21,,11/30/22,
"Remote Desktop",,,2/27/20,,1/1/20,1/1/20
REN-ISAC,1500,,5/31/20,"Indiana University",5/31/20,5/31/20
"Report Builder",,,6/12/17,,6/12/17,6/12/17
Resharper,,,8/28/20,"JetBrains Americas Inc",8/28/20,8/28/20
"Resource Scheduler App",,,2/28/20,,1/1/20,1/1/20
"Right View Pro",,,1/15/20,,1/15/20,1/15/20
"Right View Pro",,,1/15/20,,11/30/22,
"Rising Software",6490,,12/2/20,"Rising Software Australia Pty Ltd",12/2/20,12/2/20
"RMS Keyboards",,,3/30/22,,11/30/22,
Rocketbook,,,4/29/22,,11/30/22,
RStudio,,,11/19/20,,11/19/20,11/19/20
"Rubric Reader",,,2/29/20,,1/1/20,1/1/20
Ruby,,,8/6/19,,8/6/19,8/6/19
"Ryver Enterprise",8150,,11/3/20,"Ryver LLC",11/3/20,11/3/20
"S/MIME Control",,,4/13/21,,11/30/22,
Saba,24266.56,,2/4/20,"Saba Software Inc",2/4/20,2/4/20
"Sabre Red",,,3/1/20,,1/1/20,1/1/20
Safari,,,8/6/19,,8/6/19,8/6/19
"Safety Skills Compliance",3820,,6/16/20,"SafetySkills LLC",6/16/20,6/16/20
"Sage CRM",,,2/18/20,"Sage Software Inc",2/18/20,2/18/20
"Sage FAS",6677,,8/10/20,"Net at Work Inc",8/10/20,8/10/20
"SAGE Online (For Distributors)",,,7/10/17,,7/10/17,7/10/17
"Sales Pad Consulting",855.31,,10/15/19,"Sales Pad LLC",10/15/19,10/15/19
Salesforce,315096,"Cienna Hernandez",4/22/20,"Salesforce.org LLC",4/22/20,4/22/20
Salesforce,376817.5,"Cienna Hernandez",11/10/20,"MerlinOne, Inc",11/10/20,11/10/20
SAL-NET,,,8/6/19,,11/30/22,
"SALSA LipSync",39,,1/5/21,Unity,1/5/21,1/5/21
"SBL Hebrew Keyboard Driver",,,2/8/16,,2/8/16,2/8/16
"ScanSnap - PFU Printer",,,8/6/19,,8/6/19,8/6/19
Scantron,3057.9,,6/16/20,"Scantron Corporation",6/16/20,6/16/20
ScheduleView,,,3/2/20,,1/1/20,1/1/20
"Screaming Frog",,,8/3/20,,11/30/22,
"Screen Reader",1200,,10/15/20,JAWS,10/15/20,10/15/20
Screencast-O-Matic,,,8/6/19,,11/30/22,
ScreenCloud,,,5/11/22,,11/30/22,
"ScreenSteps Desktop",,,8/6/19,,8/6/19,8/6/19
SensorUtility,,,8/6/19,,11/30/22,
"SEO Monitor",3679.4,"Sandy Dantzer",1/9/21,SEMrush,1/9/21,1/9/21
"Separation Studio",,,8/6/19,,8/6/19,8/6/19
"Sequel Server Management Studio",,,2/4/19,,2/4/19,2/4/19
"Serenity BDD",,,10/24/21,,11/30/22,
"Server Hosting",3001.65,,8/6/20,"Rackspace LTD",8/6/20,8/6/20
"Service Desk",,,12/14/20,"A&I Solutions Inc",12/14/20,12/14/20
"Service Desk",,,3/3/20,,1/1/20,1/1/20
"Service Request System",,,3/9/20,,1/1/20,1/1/20
"Services Plan - X-SMALL",1000,,10/15/20,"American Registry for Internet",10/15/20,10/15/20
ShareBrowser,,,10/31/19,,10/31/19,10/31/19
Sharebrowser,,,10/31/19,,11/30/22,
Sharegate,6995,,3/6/20,"Sharegate Inc",3/6/20,3/6/20
Sharepoint,,,3/4/20,,1/1/20,1/1/20
Shopify,,,5/3/22,,11/30/22,
"Shure Update Utility",,,3/13/18,,11/30/22,
SIDEARM,4725,"Mark Wilty",10/26/20,"SIDEARM Sports",10/26/20,10/26/20
"Sierra Desktop",,,8/28/20,,8/28/20,8/28/20
"Silhouette Studio",,,4/20/20,,4/20/20,4/20/20
Silverlight,,,11/4/14,,11/4/14,11/4/14
SimViewer,,,12/28/22,,12/28/22,
"Sisense Server",26250,,1/13/21,"Sisense Inc",1/13/21,1/13/21
Siteimprove,,,9/23/20,"Siteimprove Inc",9/23/20,9/23/20
"Sketch Team Subscription",297,,1/31/20,"3.0 Sketch",1/31/20,1/31/20
"Sketch Team Subscription",,,1/13/20,"1.0 Sketch",1/13/20,1/13/20
SketchUp,,,9/25/18,,9/25/18,9/25/18
"Skype for Business",,,3/5/20,,1/1/20,1/1/20
"SkyTouch Services",21600,"katya hofmann",10/28/19,"Choice Hotels International Inc",10/28/19,10/28/19
Slack,,,5/26/21,,11/30/22,
"Slido for PowerPoint",,,2/28/22,,11/30/22,
"SMART Notebook",,,3/31/16,,3/31/16,3/31/16
Smartsheet,,,10/15/20,"Smartsheet.com Inc",10/15/20,10/15/20
SmartyStreets,,,12/23/20,"SmartyStreets LLC",12/23/20,12/23/20
"Snag It",,,3/6/20,,1/1/20,1/1/20
"Snag It",24.97,,8/6/19,,11/30/22,
SnagIt,,,12/14/20,"Software One Inc",12/14/20,12/14/20
"Snap Survey",3750,"Judith Eroe",7/10/20,"Snap Surveys NH Inc",7/10/20,7/10/20
"SnapEngage Enterprise Agents",,,12/4/20,"SnapEngage LLC",12/4/20,12/4/20
Snapgene,,,5/29/20,,5/29/20,5/29/20
"Snipping tool",,,3/7/20,,1/1/20,1/1/20
snsdiag-macos-20190212-175209,,,1/5/22,,11/30/22,
"Soccer Heart Rate Montors",,,3/17/20,"Catapult Sports LLC",3/17/20,3/17/20
"Social Monitoring",,,1/9/21,Sendible,1/9/21,1/9/21
"Social Tables",2231,"Tira Montgomery",8/20/20,Cvent,8/20/20,8/20/20
"Social Tables",,,5/28/20,"SocialVenu Inc",5/28/20,5/28/20
SocialVenu,2500,,7/1/20,"SocialVenu Inc",7/1/20,7/1/20
"Soft Token",,,8/6/19,,11/30/22,
SoftChalk,,,8/6/19,,8/6/19,8/6/19
"SoftChalk Cloud",,,1/8/21,"Softchalk LLC",1/8/21,1/8/21
SOLIDWORKS,,,9/4/20,"GoEngineer Inc",9/4/20,9/4/20
SolidWorks,,,8/8/16,,8/8/16,8/8/16
"Sonicwall Advanced Gateway",2824,,3/2/20,"CD's IT Consulting",3/2/20,3/2/20
"Sound Forge",,,8/6/19,,8/6/19,8/6/19
"SoundCore Q10 Bluetooth Headset",,,1/20/22,,11/30/22,
Soundstripe,359.4,,12/1/20,Soundstripe,12/1/20,12/1/20
"SOX Portal",,,1/20/21,Protiviti,1/20/21,1/20/21
Spark,,,4/29/22,,11/30/22,
"Spark AR App",,,1/4/22,,11/30/22,
"Sphere 2",,,9/20/21,,11/30/22,
Splashtop,,,6/17/21,,11/30/22,
Splunk,195105,,12/15/20,"Enterprise Network Solutions Inc.",12/15/20,12/15/20
"SponsorUnited Professional",218.81,,10/12/20,"SponsorUnited Inc",10/12/20,10/12/20
"Sports Med",900,,6/30/20,"Keffer Development Services, LLC",6/30/20,6/30/20
"Sports Med",750,,10/23/20,"ImPACT Applications Inc",10/23/20,10/23/20
"Sports Med Weather Service",,,12/1/20,"DTN LLC",12/1/20,12/1/20
"Sports Solutions",,,11/24/20,"Dartfish USA",11/24/20,11/24/20
"Sports Stats/Data",,,8/4/20,"InStat Limited",8/4/20,8/4/20
"Sportscode Elit",,,8/27/20,Hudl,8/27/20,8/27/20
"Spotify/Music streaming software",,,8/6/19,,11/30/22,
SPSS,21845.06,,9/23/20,"International Business Machines Corporation",9/23/20,9/23/20
SPSS,,,3/10/20,,1/1/20,1/1/20
"SPSS Amos",,,8/6/19,,8/6/19,8/6/19
SpyBot,,,8/6/19,,11/30/22,
Spyder5Elite+,,,8/2/19,,8/2/19,8/2/19
SQL,,,3/8/20,,1/1/20,1/1/20
"SSIS Powerpack",3897,,5/20/20,"ZappySys LLC",5/20/20,5/20/20
SSL/TLS,218,,9/29/20,"DigiCert Inc",9/29/20,9/29/20
StarRez,6575.72,"Sarah Castro",8/26/20,"StarRez Inc",8/26/20,8/26/20
StatBroadcast,2159,"Don Drysdale",8/25/20,"Radiak Group LLC",8/25/20,8/25/20
"Steam ",,,4/20/20,,11/30/22,
StoryLine,,,8/6/19,,11/30/22,
Strength,2388,"Mark Wilty",7/2/20,dorsaVi,7/2/20,7/2/20
"Studio One",,,8/6/19,,8/6/19,8/6/19
SubItUp,6060,"Jessica Defoy",7/8/20,"SubItUp inc",7/8/20,7/8/20
"Substance Pro",,,12/22/20,Adobe,12/22/20,12/22/20
SurveyMonkey,4372.6,,9/29/20,"SurveyMonkey Inc",9/29/20,9/29/20
"Swimming 8.0",,,8/6/19,,11/30/22,
"Switcher Cast for Windows",,,8/21/20,,8/21/20,8/21/20
"Symantex VIP",,,2/11/22,,11/30/22,
Symplicity,15595.2,"Bianca Shaw",6/16/20,"Symplicity Corporation",6/16/20,6/16/20
"Synergy Sports",,,7/7/20,"Synergy Sports Technology LLC",7/7/20,7/7/20
"System Center Configuration Manager Console (SCCM)",,,3/11/20,,1/1/20,1/1/20
"Tableau Reader/Desktop",,,8/6/19,,8/6/19,8/6/19
"Tag Assistant Companion",,,3/1/22,,11/30/22,
Tagboard,,,3/2/22,,11/30/22,
"Tajima DG15",,,8/6/19,,8/6/19,8/6/19
"TangiX Tester PROClient",,,4/14/21,,11/30/22,
"Tapspace libraries",,,8/6/19,,11/30/22,
"TASER Int. Evidence Sync",,,8/6/19,,8/6/19,8/6/19
Taskstream,,,3/30/20,"Watermark Insights LLC",3/30/20,3/30/20
"Team Calendar",240,"Beth Bruner",10/20/20,TeamUp,10/20/20,10/20/20
"Team Infographics",25000,"Don Drysdale",6/17/20,"Fuzzy Red Panda LLC",6/17/20,6/17/20
"Team Manager",,,8/21/21,,11/30/22,
Teamsites,,,3/12/20,,1/1/20,1/1/20
TeamViewer,,,11/3/20,TeamViewer,11/3/20,11/3/20
"Teamwork Timer",,,8/6/19,,11/30/22,
Teamworks,2225.47,"Don Drysdale",8/6/20,"Teamworks Innovations",8/6/20,8/6/20
"Technical Training",2995,,9/1/20,"GainShare, Inc",9/1/20,9/1/20
"Tesira Design",,,2/7/22,,11/30/22,
Test,,,6/1/22,SomethingCool,6/1/22,
"Test - Roxanne",,,6/6/22,,6/6/22,
"TestGen (Pearson)",,,8/6/19,,8/6/19,8/6/19
"Text Expander",,,8/6/19,,11/30/22,
ThePBone/GalaxyBudsClient,,,2/25/21,,11/30/22,
ThermoLib,,,3/31/17,,3/31/17,3/31/17
ThinkingStorm,,,7/10/20,"ThinkingStorm Inc",7/10/20,7/10/20
"Ticket Office",24,"Tira Montgomery",6/2/20,"Flash Seats Vertical Alliance LLC",6/2/20,6/2/20
"Total Care iQ Gold Package",,,1/7/21,"Education Management Solutions LLC",1/7/21,1/7/21
"Tournament LIVE",396,"Don Drysdale",2/28/20,"GolfStat Inc",2/28/20,2/28/20
TPP,,,8/6/19,,11/30/22,
Trello,15330,,9/13/13,,11/30/22,
Trivia,,,6/9/22,,11/30/22,
"Trusteer's Rapport Security Software",,,3/1/21,,11/30/22,
TSScan,,,4/1/22,,11/30/22,
"Turbo .264HD-Elgato (MAC)",,,8/6/19,,8/6/19,8/6/19
"Tutor Trac",,,6/24/20,"Redrock Software Corp",6/24/20,6/24/20
Twilio,179.4,"Jessica Defoy",6/12/20,"Twilio Inc",6/12/20,6/12/20
"Type it in",,,8/6/19,,11/30/22,
TyphonGroup,,,9/14/20,"Typhon Group",9/14/20,9/14/20
Ubuntu,,,9/13/18,,9/13/18,9/13/18
UniCheck,100,,10/13/20,"Plagix LLC",10/13/20,10/13/20
Unity,,,8/6/19,,8/6/19,8/6/19
"Unity Pro",3210,,3/9/22,,11/30/22,
"Universal Music",,,12/22/20,"Z Tunes LLC",12/22/20,12/22/20
"Universe Design Tool for SAP Business Objects",,,12/6/19,,11/30/22,
"USB-MIDI Driver",,,9/28/20,,9/28/20,9/28/20
"USGA TM Club Premium",1150,"Alec Dahlquist",7/9/20,"Golf Genius Software LLC",7/9/20,7/9/20
Vault,,,8/24/20,"Optiv Security Inc",8/24/20,8/24/20
"Vector Works",648,,8/6/19,,11/30/22,
"Verizon Message Application",,,8/6/19,,11/30/22,
"Vernier Video Analysis",,,6/22/20,,6/22/20,6/22/20
Versadial,780,"Terry Guerrero",9/29/20,"Versadial Solutions",9/29/20,9/29/20
Vertex,36077,,9/29/20,"Vertex, Inc",9/29/20,9/29/20
"Video Observer",,,8/6/19,,11/30/22,
Vimba,,,8/6/19,,8/6/19,8/6/19
Vimeo,600,,11/11/20,Vimeo,11/11/20,11/11/20
"VIP Access Setup/Symantex VIP",,,2/11/22,,11/30/22,
"Virbela Stream",,,4/13/21,,11/30/22,
"Virtual Light Lab",,,8/6/19,,8/6/19,8/6/19
"Virtual PC",,,8/6/19,,8/6/19,8/6/19
"Virtual Simulations",,,1/7/21,"Laerdal Medical",1/7/21,1/7/21
Virtualbox,,,10/31/18,,10/31/18,10/31/18
Visio,,,8/6/19,,8/6/19,8/6/19
VISIO,,,3/13/20,,1/1/20,1/1/20
"Visual Studio",,,8/6/19,,8/6/19,8/6/19
"Visual studio",,,3/14/20,,1/1/20,1/1/20
VitalSource,,,8/6/19,,8/6/19,8/6/19
Vitrium,69977,,5/6/20,"Vitrium Systems Inc",5/6/20,5/6/20
Vitrium,20017,,11/4/20,"Vitrium Systems Inc.",11/4/20,11/4/20
"Vixen Lights",,,11/6/19,,11/30/22,
"VLA Azure",79501.27,,8/24/20,"Dell Computer Corporation",8/24/20,8/24/20
"VLA AZURE",,,12/18/20,"Dell Computer Corporation",12/18/20,12/18/20
"VLA Flow Plan EDU",360,"Deana Silva",6/2/20,"Dell Computer Corporation",6/2/20,6/2/20
VLC,,,8/6/19,,8/6/19,8/6/19
vMix,,,6/25/20,,6/25/20,6/25/20
"VMWare Fusion Professional",,,3/4/20,"CDW Government LLC",3/4/20,3/4/20
"VMWare Pro",155.6,,8/23/21,,11/30/22,
Volleymetrics,,,12/22/20,Hudl,12/22/20,12/22/20
Volleymetrics,5000,,6/24/20,"VolleyMetrics LLC",6/24/20,6/24/20
"VolleyStation Pro",,,4/25/22,,11/30/22,
"VolleyStation Streamer",,,4/25/22,,11/30/22,
VPN,,,3/15/20,,1/1/20,1/1/20
Vstarcam,,,8/6/19,,8/6/19,8/6/19
"VTLS Library Circulation Software",,,8/6/19,,8/6/19,8/6/19
Wacom,,,8/6/19,,11/30/22,
WalkMe,58253.04,,10/3/20,"WalkMe, Inc",10/3/20,10/3/20
Wasp,,,8/6/19,,8/6/19,8/6/19
"Waxie Apps",,,8/6/19,,11/30/22,
Webex,,,7/25/14,,7/25/14,7/25/14
Wellable,,,5/4/22,,11/30/22,
WhatsApp,,,4/28/20,,11/30/22,
WildFire,1932.02,,10/7/20,"Enterprise Network Solutions Inc.",10/7/20,10/7/20
"Wimba Diploma",,,8/6/19,,8/6/19,8/6/19
"Windows Terminal",,,2/12/20,,11/30/22,
WinMerge,,,8/6/19,,11/30/22,
WIN-PACK,6480,"Ha Cao",4/9/20,"Next Protection LLC",4/9/20,4/9/20
WinPak,,,8/6/19,,8/6/19,8/6/19
Winscp,,,8/24/22,,8/24/22,
WINSCP,,,8/6/19,,11/30/22,
"Word to EPUB",,,10/14/20,,10/14/20,10/14/20
WordtoEPUB,,,9/30/20,,11/30/22,
WorkaMajig,22000,"Cienna Hernandez",7/28/20,"Creative Manager Inc",7/28/20,7/28/20
WorkDay,6800,,9/1/20,"Workday, Inc",9/1/20,9/1/20
Workday,,,3/17/20,,1/1/20,1/1/20
WorkEngine,,,3/16/20,,1/1/20,1/1/20
"Write N Cite",,,8/6/19,,8/6/19,8/6/19
"WVB DataVolley",1199,"Don Drysdale",6/9/20,"Genius Sports Media Inc",6/9/20,6/9/20
Xampp,,,5/19/16,,5/19/16,5/19/16
X-Author,,,8/6/19,,8/6/19,8/6/19
XRM,,,3/18/20,,1/1/20,1/1/20
ZenDesk,16346.4,,11/30/20,"ZenDesk, Inc",11/30/20,11/30/20
ZenQ,92000,,10/12/20,"Zen Quality Assurance Put Ltd",10/12/20,10/12/20
ZipWhip,,,10/22/20,"ZipWhip Inc",10/22/20,10/22/20
"ZOHO Helpdesk",6386.3,,11/24/20,"ZOHO Corporation",11/24/20,11/24/20
Zoom,1596.23,,1/4/21,Zoom,1/4/21,1/4/21
Zoom,2573.23,,4/30/20,"Zoom Video Communications Inc",4/30/20,4/30/20
Zoom,,,8/6/19,,8/6/19,8/6/19
Zoom,,,3/19/20,,1/1/20,1/1/20
Zoomph,,,6/18/20,"Zoomph Inc",6/18/20,6/18/20
Zotero,,,8/6/19,,8/6/19,8/6/19
Zune,,,8/6/19,,11/30/22,
