Title,Name of Software Company,,GCU Contact,Date Submitted,Date of Launch,Date of Renewal
1.0 Movavi Video Converter,Movavi,49.95,,1/6/20,11/15/22,
1.0 Remote Syslog Forwarding,Enterprise Networks Solutions Inc,2394.63,,6/22/20,6/22/20,6/22/20
Ableton Live 9 Lite,Ableton,,,5/5/18,5/5/18,5/5/18
Academic Support,"Retain Technologies, Inc",,Mark Wilty,7/6/21,6/19/20,6/19/20
Access Badges,Transact Campus Inc,5980,Tira Montgomery,1/11/21,1/11/21,1/11/21
Accordance,OakTree,,,7/19/17,7/19/17,7/19/17
Accurip Black Pearl,AccuRIP,,,6/9/17,6/9/17,6/9/17
ACD ChemSketch,ACD Labs,,,11/12/19,11/12/19,11/12/19
Acrobat Professional,Software One Inc,41.1,Chris Sweets,8/28/20,8/28/20,8/28/20
Active Client,Military CAC,,,12/14/16,12/14/16,12/14/16
Active Directory,,,,1/2/20,1/1/20,1/1/20
Active Tables for Adobe InDesign,,,,4/27/21,11/28/22,
Activity Vue,,,,1/1/20,1/1/20,1/1/20
ACTRA,Arizona Cyber Threat Response Alliance Inc,300,,8/26/20,8/26/20,8/26/20
Acuity Scheduling,,,,9/30/21,11/28/22,
Adobe Acrobat (cost associated),,,,8/6/19,11/28/22,
Adobe Acrobat Connect Pro,Software One Inc,,,9/12/17,9/12/17,9/12/17
Adobe Acrobat Pro,Software One Inc,840.92,,12/30/20,12/30/20,12/30/20
Adobe Acrobat Reader,,,,4/29/22,11/28/22,
Adobe Creative Cloud,Software One Inc,236.41,,12/14/20,12/15/20,12/15/20
Adobe Digital Editions,Software One Inc,,,8/6/19,8/6/19,8/6/19
Adobe Flash,Software One Inc,,,8/6/19,8/6/19,8/6/19
Adobe LiveCycle,Software One Inc,,,4/30/19,4/30/19,4/30/19
Adobe Shockwave,Software One Inc,,,8/6/19,8/6/19,8/6/19
Adobe Sign,Software One Inc,,,11/5/19,11/5/19,11/5/19
Adobe XD (Plug-ins),,,,3/8/22,11/28/22,
AED Manager 2.1 Software - Powerheart(r) G5,,,,5/31/19,11/28/22,
Aerohive,CD's IT Consulting,34193.88,,1/15/21,1/15/21,1/15/21
Aha!,Aha! Labs Inc,1258.72,Mark Fallows,7/16/20,7/16/20,7/16/20
AirMedia,Creston Electronics Inc,,,8/11/20,8/11/20,8/11/20
A-L Tier II,Paciolan LLC,,Tira Montgomery,9/1/20,9/1/20,9/1/20
Alertus,,,,1/4/20,1/1/20,1/1/20
Alliance Software,Cyrun,15750,Terry Guerrero,10/8/20,10/8/20,10/8/20
Analyzer Software,"Arbutus Software, Inc",10875,,6/4/20,6/4/20,6/4/20
Android Studio,Android,,,3/11/20,3/11/20,3/11/20
Apex 3D Printing,Apex,,,8/6/19,8/6/19,8/6/19
Apex Airwolf,Apex,,,2/20/18,2/20/18,2/20/18
apowersoft,,,,9/20/17,11/28/22,
Apple Internet Accounts,,,,5/4/22,11/28/22,
Apply,,,,1/5/20,1/1/20,1/1/20
Appsense,,,,1/6/20,1/1/20,1/1/20
Apptus,Apptus Inc,,,10/16/20,10/16/20,10/16/20
Apttus,Apttus Inc,,,7/10/20,7/10/20,7/10/20
Arbutus,Arbutus,4875,,6/18/21,6/18/20,6/18/20
ARCHICAD,ArchiCAD,,,9/24/20,9/24/20,9/24/20
ArchiCAD Plus,ArchiCAD,6300,Melodee Franco,8/5/20,8/5/20,8/5/20
Arduino,,,,7/26/21,11/29/22,
Arkaos MediaMaster Pro,Arkaos,,,8/6/19,8/6/19,8/6/19
Articulate Story Line 3,Articulate Global Inc,,,2/4/19,2/4/19,2/4/19
Articulate Storyline,Articulate Global Inc,27603.75,,5/20/20,5/20/20,5/20/20
Articulate Storyline,Software One Inc,2419.52,,11/20/20,11/20/20,11/20/20
Asana,,,,1/8/21,1/8/21,1/8/21
Aspose,SHI International Corp.,6815.91,,7/22/20,7/22/20,7/22/20
Asset Panda,Asset Panda LLC,3459.31,Cienna Hernandez,5/26/20,5/26/20,5/26/20
Athletics,Winthrop Intelligence LLC,,,2/10/20,2/10/20,2/10/20
Atlassian,,,,5/5/22,11/29/22,
ATS (Athletic Training Software),,,,8/6/19,8/6/19,8/6/19
Audacity,Muse Group,,,8/6/19,8/6/19,8/6/19
Audinate Dante Controller,,,,3/13/18,11/29/22,
Audinate Dante Virtual Soundcard,,,,3/13/18,11/29/22,
Audio Box,iCoreTech Inc,,,9/15/20,9/15/20,9/15/20
Augmented Reality App,Augmented Reality,,,5/28/20,5/28/20,5/28/20
Auralia Cloud,Rising Software,,,3/12/20,3/12/20,3/12/20
AutoCad,Autodesk,,,8/6/19,8/6/19,8/6/19
Autodesk Remake,Autodesk,,,8/6/19,8/6/19,8/6/19
AutoHotKey,,,,8/6/19,11/29/22,
Automation Direct Productivity Suite,,,,10/14/21,11/29/22,
Awareity,"Awareity, Inc",,Terry Guerrero,11/5/20,11/5/20,11/5/20
AXCrypt,AXCrypt Software,,,2/15/19,2/15/19,2/15/19
Axis,,,,1/26/22,11/29/22,
Azure Dev Tools,Microsoft Online Inc,,,3/2/20,3/2/20,3/2/20
B2B CRM (Business 2 Business),,,,1/7/20,1/1/20,1/1/20
Bamboo Create,,,,4/14/20,4/14/20,4/14/20
BarCloud,Touma Inc,29520,,11/3/20,11/3/20,11/3/20
BarCloud,Touma Inc,,,1/8/20,1/1/20,1/1/20
Baselines,Healthy Roster Inc,,,7/9/20,7/9/20,7/9/20
Baselines,ImPACT Applications Inc,,,8/27/20,8/27/20,8/27/20
BBVA Net Cash,BBVA,,,12/2/20,12/2/20,12/2/20
BetterYou App,BetterTime Co,,Jessica Defoy,5/29/20,5/29/20,5/29/20
BibleWorks,,,,9/2/21,11/29/22,
Big Blue Button,Blindside Networks,4400,,5/20/20,5/20/20,5/20/20
BioDigital,BioDigital,12000,,7/7/20,7/7/20,7/7/20
Bit Locker,,,,1/9/20,1/1/20,1/1/20
Bitvise SSH Client,Bitvise Limited,,,8/6/19,8/6/19,8/6/19
BitWarden,,,,11/3/21,11/29/22,
Black Magic,Dartfish,,,8/6/19,8/6/19,8/6/19
BlackBerry Messenger,,,,8/6/19,11/29/22,
BlackBerry Protect + Optics,Cylance Inc,84000,,6/25/20,6/25/20,6/25/20
Blackboard,Blackboard Inc,4821.69,,2/3/20,2/3/20,2/3/20
BlackMagic Video Desktop,Dartfish,,,8/6/19,8/6/19,8/6/19
Blender 2.8,Blender Foundation,,,1/13/20,1/13/20,1/13/20
Bloomberg Terminal,,,,4/25/22,11/29/22,
Blue Ocean Brain,The Rowing Team LLC,2123.33,,5/22/20,5/22/20,5/22/20
BlueBeam,,,,5/20/21,11/29/22,
BobCAD-CAM,Bobcam,,,8/6/19,8/6/19,8/6/19
Box,,,,8/6/19,11/29/22,
BP Unity,Unity,,,1/14/21,1/14/21,1/14/21
BPO Deem,DEEM Inc.,47508,,1/12/21,1/12/21,1/12/21
BPO Levementum Project,Levementum LLC,98228,,1/6/21,1/6/21,1/6/21
Brand Management,Frontify,,,11/30/20,11/30/20,11/30/20
BrightAuthor Connected,Bright Sign,,,5/7/20,5/7/20,5/7/20
Brother Scanners/Printers (Common UDR Install),"Brother Industries, Ltd",,,8/6/19,8/6/19,8/6/19
BrowserStack,BrowserStack Inc,,Sandy Dantzer,3/27/20,3/27/20,3/27/20
C2G AV Controller Manager,,,,3/9/21,11/29/22,
CA Technologies,"CA, INC",17080,,4/9/20,4/9/20,4/9/20
CAC Reader,MIlitary CAC,0,,12/11/19,12/11/19,12/11/19
CAE Extended,CAE Healthcare Inc,48000,,8/12/20,8/12/20,8/12/20
Calabrio,,,,1/10/20,1/1/20,1/1/20
CalDigit TS3 Plus Driver,,,,4/20/20,11/29/22,
Calendly,Calendly LLC,1752.3,,12/7/20,12/7/20,12/7/20
Calendly,Calendly LLC,,,6/14/18,6/14/18,6/14/18
Calibre,,,,4/8/21,11/29/22,
CamBam CNC,HexRay Ltd,,,8/6/19,8/6/19,8/6/19
CampusKit,Involvio LLC,17500,Camillia Bonasera,11/12/20,11/12/20,11/12/20
CampusManagement,Anthology Inc,37500,,1/3/20,1/3/20,1/3/20
CampusNexus,Anthology Inc,2073348.99,,1/5/21,1/5/21,1/5/21
CampusVue,Anthology Inc,5000,,1/11/20,1/1/20,1/1/20
CampusVue Pro,Anthology Inc,37500,,9/1/20,9/1/20,9/1/20
CamStudio,,,,8/6/19,11/29/22,
Camtasia Studio,TechSmith,,,8/6/19,8/6/19,8/6/19
Canvas,Instructure Inc,142120,,10/6/20,10/6/20,10/6/20
Capsure,Capsure Co,,,8/6/19,8/6/19,8/6/19
Capsure,,,,8/6/19,11/29/22,
Capsure,,,,3/13/18,11/29/22,
Capture One,Phase One,,,11/13/20,11/13/20,11/13/20
CCH Access,CCH Incorportated,,,7/11/19,7/11/19,7/11/19
CCH Fixed Assets,CCH Incorporated,1438.95,,1/11/21,1/11/21,1/11/21
Ccleaner,,,,8/6/19,11/29/22,
CCPS Fee,Nursing Consortium of South Florida Inc,,,1/9/21,1/9/21,1/9/21
CDXZipStream,CDX Tech,,,9/24/15,9/24/15,9/24/15
Centercode,Centercode Inc,21600,,3/2/20,3/2/20,3/2/20
CFASync (Go to college fairs Scanner),,,,8/6/19,11/29/22,
C-Free Compiler,,,,11/25/19,11/29/22,
Charms Subscription,Dorian Business Systems Inc.,,,8/30/19,8/30/19,8/30/19
Chat Beacon,,,,6/19/19,11/29/22,
Check-in Beacos,SDK,,,1/7/21,1/7/21,1/7/21
CheckPoint,Eplus Technology Inc,4348.83,,10/9/19,10/9/19,10/9/19
CheqRoom,CheqRoom,4412,Vanessa Jones,8/10/20,8/10/20,8/10/20
Chi-Tester Exam Delivery,Chi-Squared Software Inc,21760,,12/14/20,12/14/20,12/14/20
CIRT,,,,1/12/20,1/1/20,1/1/20
Cisco CAD,"Cisco Systems, Inc",,,1/13/20,1/1/20,1/1/20
Cisco IP Communicator SoftPhone,"Cisco Systems, Inc",,,1/14/20,1/1/20,1/1/20
Cisco Jabber,,,,8/6/19,11/29/22,
Cisco Toolkit,"Cisco Systems, Inc",,,1/15/20,1/1/20,1/1/20
CITI Program,BRANY,,Jeri Burns,1/4/21,1/4/21,1/4/21
Citrix Director,Citrix Systems,,,1/16/20,1/1/20,1/1/20
Citrix Workspace,Citrix Systems,,,1/17/20,1/1/20,1/1/20
Clairvoyant,Clairvoyant LLC,4320000,,11/16/20,11/16/20,11/16/20
Cleanfeed LLP,Cleanfeed LLP,,,12/10/20,12/10/20,12/10/20
Click To Dial,InGenius Software Inc.,,,1/19/21,1/19/21,1/19/21
Client Analytics Portal (CAP),,,,8/6/19,11/29/22,
CLion,,,,1/9/20,11/29/22,
Cloud,Softlayer Technologies Inc,,,11/5/20,11/5/20,11/5/20
Cloud Storage/File Sharing,Box Inc,,,12/17/20,12/17/20,12/17/20
Cloudinary,Cloudinary Inc,,,12/7/20,12/7/20,12/7/20
Club Sports DocuSign,"Docusign, Inc",,Mari Mondragon,6/12/20,6/12/20,6/12/20
Cockpit ,,,,2/23/21,11/29/22,
CollegeSource,College Source Inc,21967,,3/23/20,3/23/20,3/23/20
Concur,"Concur Technologies, Inc.",53231.83,,12/9/20,12/9/20,12/9/20
Concur,"Concur Technologies, Inc.",,,7/22/20,7/22/20,7/22/20
Concur,"Concur Technologies, Inc.",,,1/18/20,1/1/20,1/1/20
Configuration Manager (SCCM),,,,1/19/20,1/1/20,1/1/20
Contact Tracing,Estimote,,,10/17/19,10/17/19,10/17/19
ConTEXT Editor,,,,8/6/19,8/6/19,8/6/19
Core FTP,,,,5/21/21,11/29/22,
Coupa,"Coupa Software, Inc",9045.75,Jarrod Simmons,11/12/20,11/12/20,11/12/20
Coupa,"Coupa Software, Inc",943.56,Ryan Brown,8/27/20,8/27/20,8/27/20
Coupa,"Coupa Software, Inc",,,1/20/20,1/1/20,1/1/20
Creately,Creately,59.4,,1/16/21,1/16/21,1/16/21
CreateStudio,,,,4/25/22,11/29/22,
Creative Suite Products,Adobe,,,1/1/21,1/1/21,1/1/21
Crestron Airmedia,,,,3/3/22,11/29/22,
Cricut,,,,1/6/21,11/29/22,
CRM,Microsoft Dynamics,3000,,11/6/19,11/6/19,11/6/19
CRM,,,,1/21/20,1/1/20,1/1/20
CrowdStrike,Optiv Security Inc,52458,,1/27/20,1/27/20,1/27/20
CS Gold,,,,8/6/19,8/6/19,8/6/19
CTLQ,,,,8/6/19,8/6/19,8/6/19
CUTE FTP,Software One Inc,,,10/12/20,10/12/20,10/12/20
Cutting Master 3,,,,7/19/17,7/19/17,7/19/17
CyberDuck,,,,11/17/20,11/17/20,11/17/20
Cygwin Compiler for CLion,,,,1/15/20,1/15/20,1/15/20
Cygwin Compiler for CLion,,,,1/14/21,11/29/22,
Cyrun,Alliance Software Maintenance & Support Inv.,15750,,9/17/19,9/17/19,9/17/19
Dartfish,Dartfish USA,,,1/13/20,1/13/20,1/13/20
DartFish,Dartfish USA,,,8/6/19,8/6/19,8/6/19
Dashlane,"Dashlane, Inc",,,8/6/19,8/6/19,8/6/19
Dashline,,,,1/25/17,11/29/22,
Data Project VolleyBall EScoresheets,,,,1/17/17,1/17/17,1/17/17
Data Volley 4,Genius Sports Media Inc,,,10/7/20,10/7/20,10/7/20
DatAdvantage,Custom Storage Inc,,,12/28/20,12/28/20,12/28/20
Datatel,,,,1/22/20,1/1/20,1/1/20
DataVolley,Data Project USA,,,4/6/20,4/6/20,4/6/20
Davinci Resolve,,,,8/6/19,8/6/19,8/6/19
Davinci Resolve,,2076.24,,8/6/19,11/29/22,
Deploybot,Deploybot,,,11/19/20,11/19/20,11/19/20
Desktop and Online Mixing System Desktop Version,,,,7/10/17,7/10/17,7/10/17
Diamond System Builder,,,,2/28/22,11/29/22,
Die,,,,8/6/19,11/29/22,
DietMaster Pro,,,,8/6/19,11/29/22,
DiffChecker (Paid),,,,1/5/21,1/5/21,1/5/21
DigiCert SSL,DigiCert Inc,6000,,12/3/20,12/3/20,12/3/20
Discovery Accelerator,,,,8/6/19,11/29/22,
DisplayLink Manager,,,,3/3/22,11/29/22,
Docusign,"Docusign, Inc",,Emily Meador,8/31/20,8/31/20,8/31/20
Dragon Naturally Speaking,,,,8/6/19,11/29/22,
Dragonfly,,,,9/15/14,9/15/14,9/15/14
Drawings X Pro,,,,5/16/19,5/16/19,5/16/19
Dreamweaver,,,,8/6/19,8/6/19,8/6/19
Drobo Dashboard,,,,8/6/19,8/6/19,8/6/19
DropBox,DropBox inc,6988.89,Blake Morrow,8/11/20,8/11/20,8/11/20
Dropbox/Mass online storage software,,,,8/6/19,11/29/22,
DTP,,,,11/29/22,11/29/22,
Duet Display,,,,10/4/21,11/29/22,
Duplicate Tab Add On,,,,8/6/19,11/29/22,
DVSport,DVSport Inc,,,7/18/20,7/18/20,7/18/20
DWG TrueView Free,,,,8/24/16,8/24/16,8/24/16
Dymo Label Writer,,,,8/6/19,8/6/19,8/6/19
Eagle PCB,,,,5/21/21,11/29/22,
EASE Focus 3,,,,12/8/21,11/29/22,
EasyOne On-PC Connect,,,,5/28/20,5/28/20,5/28/20
Eclipse IDE EE for Java Enterprise Developers,,,,5/20/21,11/29/22,
EdConnect,,,,8/6/19,11/29/22,
E-Learning Brothers,E-Learning Brothers,,,6/12/20,6/12/20,6/12/20
Eloqua,Validity Inc,7321.01,Eloqua,9/24/20,9/24/20,9/24/20
Email Protection (TAP),Enterprise Network Solutions Inc.,85484,,5/26/20,5/26/20,5/26/20
Email Templates,Stripo Inc,,,6/16/20,6/16/20,6/16/20
EMC,,,,8/6/19,8/6/19,8/6/19
EMC Software,,,,1/23/20,1/1/20,1/1/20
EMG Analyzer,,,,8/6/19,8/6/19,8/6/19
EMS Software,Climatec LLC,,,1/30/20,1/30/20,1/30/20
Endnote (plug-in works with Write-n-Cite),,,,8/6/19,11/29/22,
Enterprise Cloud Subscription,Enterprise Cloud,,,12/1/20,12/1/20,12/1/20
Enterprise Protectoin,Eplus Technology Inc,,,2/14/20,2/14/20,2/14/20
Epi Info,,,,8/6/19,8/6/19,8/6/19
eRoom,,,,8/6/19,8/6/19,8/6/19
eSpatial,eSpatial Inc,,,2/13/20,2/13/20,2/13/20
ESRI Licensing,ESRI,3000,,9/22/20,9/22/20,9/22/20
Essentials Team Olympic,Front Rush LLC,,,1/5/21,1/5/21,1/5/21
E-Sword,,,,8/6/19,8/6/19,8/6/19
Evaluation Kit,Watermark Insights LLC,4725,,4/28/20,4/28/20,4/28/20
Evaluation Kit,Watermark Insights LLC,,,1/4/21,1/4/21,1/4/21
Event Booking,"Cvent, Inc",,,4/29/20,4/29/20,4/29/20
Event Booking,EventBooking.com,,,5/11/20,5/11/20,5/11/20
Evernote,,,,11/29/22,11/29/22,
Evidence Sync,,,,12/16/15,12/16/15,12/16/15
Exam View,,,,1/24/20,1/1/20,1/1/20
Exchange admin,,,,6/15/22,6/15/22,
Exchange admin,,,,1/25/20,1/1/20,1/1/20
Expert TA Online,Expert TA LLC,13000,,12/22/20,12/22/20,12/22/20
Extended DISX,Extended DISC North America Inc,,,11/20/20,11/20/20,11/20/20
Extensis,Celartem Inc,,,4/16/20,4/16/20,4/16/20
EZProxy,"Online Computer Library Center, Inc",5776.32,,7/22/20,7/22/20,7/22/20
F.lux,,,,8/6/19,11/29/22,
Facilities Management,RSP Architects LTD,,,4/27/20,4/27/20,4/27/20
FastRecruit Plus,Fast Model Technologies LLC,11000,,6/19/20,6/19/20,6/19/20
FastScout Plus,Fast Model Technologies LLC,7000,Don Drysdale,10/2/20,10/2/20,10/2/20
FedEx Ship manager,,,,8/6/19,8/6/19,8/6/19
Fedex Toolbox,,,,6/4/19,6/4/19,6/4/19
Fiddler,,,,10/17/16,10/17/16,10/17/16
FileBound,Western Office Systems,,,11/30/20,11/30/20,11/30/20
FileBound,Western Office Systems,38469.04,,3/19/20,3/19/20,3/19/20
FileBound,,,,1/26/20,1/1/20,1/1/20
FileZilla,,,,1/27/20,1/1/20,1/1/20
FIM – GCU – Forefront Identity Manager,,,,2/16/20,1/1/20,1/1/20
Final Cut Pro,"Apple, Inc.",299.99,Tira Montgomery,10/5/20,10/5/20,10/5/20
Finale Notepad,,,,8/6/19,8/6/19,8/6/19
Firefox,,,,12/29/21,11/29/22,
FirstCom Music,Music Z Tunes LLC,,Cienna Hernandez,3/6/20,3/6/20,3/6/20
FITBIT,,,,5/3/16,5/3/16,5/3/16
FlashLink Program Manager,,,,2/28/22,11/29/22,
FLEX GTS,Flex Rental Solutions LLC,,Ha Cao,7/27/20,7/27/20,7/27/20
Flipgrid,,,,4/28/22,11/29/22,
FM,,,,1/28/20,1/1/20,1/1/20
FM Systems,FM:Systems Group LLC,4901.32,,10/15/20,10/15/20,10/15/20
FM Systems,FM: Systems Group LLC,61249.53,Tira Montgomery,7/29/20,7/29/20,7/29/20
Font Explorer (Trial),,,,8/6/19,11/29/22,
Font Explorer Pro,,,,8/6/19,11/29/22,
FontLab7,,,,3/19/21,11/29/22,
Fontself,,,,3/19/21,11/29/22,
Forticlient,,,,10/29/20,11/29/22,
Four Winds,"ConnectedSign, LLC",44995.35,,12/9/20,12/9/20,12/9/20
Frame.io Transfer,,,,11/5/20,11/29/22,
Freedom Scientific (JAWS),,,,8/6/19,8/6/19,8/6/19
"Frontline Plus Solver, Excel Add-On",,,,8/6/19,8/6/19,8/6/19
FSI,,,,1/29/20,1/1/20,1/1/20
FTP,FTP Today,3000,,2/26/20,2/26/20,2/26/20
Fujitsu ScanSnap Software for S1500,,,,2/24/21,11/29/22,
FullStory,FullStory Inc,18725.5,,9/24/20,9/24/20,9/24/20
FullStory,FullStory Inc,42464.3,,6/29/20,6/29/20,6/29/20
Fundraker,eTeamSponsor,14995,,8/10/20,8/10/20,8/10/20
Fusion (Innosoft),,,,8/6/20,11/29/22,
Fusion (Rock Gym Pro),,,,6/24/20,6/24/20,6/24/20
Fuze,,,,8/6/19,11/29/22,
G Power,,,,8/6/19,11/29/22,
Game Plan,Game Theory Group International,6356,Don Drysdale,7/14/20,7/14/20,7/14/20
GameSalad,,,,1/28/16,1/28/16,1/28/16
Garmin Express,,,,10/23/16,10/23/16,10/23/16
Gartner,"Gartner, Inc",41050,Ryan Brown,9/26/19,9/26/19,9/26/19
Gaumard,Gaumard Scientific Co Inc,1080.58,Vanessa Slaughter,9/11/19,9/11/19,9/11/19
GaussView,Gaussian,3250,Jessica Silva,3/27/20,3/27/20,3/27/20
GCE.com,,,,1/31/20,1/1/20,1/1/20
GCU Marketing,,,,2/2/20,1/1/20,1/1/20
GCU.edu,,,,1/30/20,1/1/20,1/1/20
Gcumail.gcu.edu,,,,2/1/20,1/1/20,1/1/20
GetList,,,,2/3/20,1/1/20,1/1/20
GGLEAP,GGCircuit LLC,3000,Ha Cao,11/30/20,11/30/20,11/30/20
Gimp,,,,8/6/19,11/29/22,
GitHub,"GitHub, Inc",,,1/15/20,1/15/20,1/15/20
Go Fuse,,,,7/17/15,7/17/15,7/17/15
Google Analytics Debugger,,,,3/1/22,11/29/22,
Google Earth,,,,8/6/19,8/6/19,8/6/19
GoPro Studio,,,,8/6/19,11/29/22,
GoToMeeting,,,,8/6/19,8/6/19,8/6/19
GP Intercompany Posting,Nolan Business Solutions,,,9/16/19,9/16/19,9/16/19
GradeAssist,,,,11/6/19,11/29/22,
Great Plains,Microsoft Dynamics,,,5/20/20,5/20/20,5/20/20
Great Plains,,,,2/4/20,1/1/20,1/1/20
Greenshot,,,,6/22/21,11/29/22,
G-Suite,Google,,,6/2/20,6/2/20,6/2/20
health and wellness app,BetterTime Co,,Jessica Defoy,7/20/20,7/20/20,7/20/20
HID Origo,HID Global Corporation,,,4/16/20,4/16/20,4/16/20
Hog 4 PC,,,,8/6/19,11/29/22,
Host Analytics,,,,8/6/19,8/6/19,8/6/19
Host Analytics,,,,2/5/20,1/1/20,1/1/20
Hotjar,Hotjar LTD,5301,,5/15/20,5/15/20,5/15/20
HP Scanners/Printers,,,,8/6/19,8/6/19,8/6/19
Huddly,,,,9/1/21,11/29/22,
Hudl Gold,Hudl,,,7/7/20,7/7/20,7/7/20
iAuditor,SafetyCulture Pty Ltd,,,2/21/20,2/21/20,2/21/20
Igloo,"Igloo, Inc",151622.5,,2/21/20,2/21/20,2/21/20
Igloo File Manager,,,,2/22/22,11/29/22,
Image Credit,iStock,,,1/23/20,1/23/20,1/23/20
Imaging Systems,Analytical Technologies Group LLC,,,3/14/20,3/14/20,3/14/20
iMedRIS,iMedRIS Data Corporation,43104,,4/23/20,4/23/20,4/23/20
ImmediaCare,Immedia LLC,27700,Ryan Masterson,12/7/20,12/7/20,12/7/20
Immersive Reader,,,,6/19/19,11/29/22,
In Reach Sync,,,,8/6/19,8/6/19,8/6/19
InaPort,"InaPlex, Inc",,,11/23/20,11/23/20,11/23/20
Incident Response Consulting,Chu Solutions LLC,3500,,11/6/19,11/6/19,11/6/19
InDesign,Software One Inc,101.25,InDesign,12/10/20,12/10/20,12/10/20
Ingenius,Ingeniux Corporation,20000,,4/13/20,4/13/20,4/13/20
Inkscape,,,,8/2/21,11/29/22,
Innosoft Fusion,Innosoft Canada Inc,,,7/31/20,7/31/20,7/31/20
Innosoft FusionGO App,InnoSoft Canada Inc,,Jessica Defoy,4/2/20,4/2/20,4/2/20
Insight SAP,Insigh Public Sector,28830.35,Insight SAP,11/10/20,11/10/20,11/10/20
Insignia NS - PU 96203,,,,8/6/19,11/29/22,
Insta360 Stitcher,,,,11/3/22,11/29/22,
Inswan,,,,8/21/20,8/21/20,8/21/20
Intel Quartus Prime,,,,5/10/22,11/29/22,
IntelliJ IDEA,,,,11/24/21,11/29/22,
Inventory Logistics,Management One Ltd,,,7/8/20,7/8/20,7/8/20
Ipay,,,,1/3/20,1/1/20,1/1/20
IPEVO Presenter,,,,8/6/19,11/29/22,
iPrintAndScan,,,,6/9/22,11/28/22,
Irise Reader,,,,8/6/19,11/29/22,
i-Sight Case Management,Customer Expressions Corp,15000,,7/8/20,7/8/20,7/8/20
IssueTrak,IssueTrak Inc,,,2/24/20,2/24/20,2/24/20
IssueTrak,,,,2/6/20,1/1/20,1/1/20
IT Consulting,Ashworth Consulting LLC,,,4/9/20,4/9/20,4/9/20
iTunes,,,,2/7/20,1/1/20,1/1/20
Itunes(IOS Users),,,,8/6/19,8/6/19,8/6/19
IWMS,RSP Architects LTS,5762,Elizabeth Guerrero,3/20/20,3/20/20,3/20/20
JAMF,JAMF Software LLC,,,8/6/20,8/6/20,8/6/20
Java JDK 16,,,,5/20/21,11/29/22,
JES,,,,8/6/19,11/29/22,
JetBrains,JetBrains Americas Inc,,,2/13/20,2/13/20,2/13/20
Jing,,,,8/6/19,11/29/22,
JIRA,JIRA,,,10/6/20,10/6/20,10/6/20
JMP,,,,8/6/19,8/6/19,8/6/19
Jtech Commander Echo Downloader,,,,8/6/19,8/6/19,8/6/19
Judial Educator,Reslife.Net LTD,,,7/23/20,7/23/20,7/23/20
Jumpshare.app,,,,1/20/21,11/29/22,
Jython,,,,8/6/19,11/29/22,
K40Whisperer,,,,8/2/21,11/29/22,
Kahoot.IT,Kahoot!,,,5/14/20,5/14/20,5/14/20
Key Systems GFMS V 3.0,,,,3/23/22,11/29/22,
Keyence VHX-7000_970F_COMMSOFT_1_4_23_17_0,,,,5/6/21,11/29/22,
Keylogging software,,,,8/6/19,11/29/22,
Kurzweil,,,,8/6/19,8/6/19,8/6/19
KwikTag,"ImageTag, Inc",23690,,2/24/20,2/24/20,2/24/20
LabChart Support,,,,2/18/20,11/29/22,
Labsoft,,,,8/6/19,8/6/19,8/6/19
LabView,National Instruments,5980,,11/9/20,11/9/20,11/9/20
LabView,,,,8/6/19,8/6/19,8/6/19
LambdaTest LIVE,LambdaTest,,,11/24/20,11/24/20,11/24/20
LAPS,,,,2/8/20,1/1/20,1/1/20
LastPass,LogMeIn USA Inc,1671.9,,8/4/20,8/4/20,8/4/20
Launchy,,,,8/6/19,11/29/22,
Learning Management System,Prometheus Development Inc,79500,,7/7/20,7/7/20,7/7/20
Leica,,,,8/6/19,8/6/19,8/6/19
Liberty Player,,,,8/6/19,8/6/19,8/6/19
Lightwright,,,,4/1/20,11/29/22,
LinkedIn Sales Navigator,LinkedIn Corporation,15200,,11/5/20,11/5/20,11/5/20
Linux Academy,"Linux Academy, Inc",,,11/3/20,11/3/20,11/3/20
Lisa Analytics,,,,12/11/19,12/11/19,12/11/19
LivePerson,,,,8/6/19,8/6/19,8/6/19
LLEAP,,,,8/15/19,8/15/19,8/15/19
LLEAP ,,,,8/15/19,11/29/22,
Local SEO Monitor,MOZ,,,1/9/21,1/9/21,1/9/21
Logger Pro 3,,,,8/6/19,8/6/19,8/6/19
Logitech Gaming Software,,,,1/13/20,11/29/22,
Logitech Options,,,,12/6/21,11/29/22,
Logitech Unifying,,,,2/4/21,11/29/22,
Logitech Unifying Software,,,,1/2/21,11/29/22,
Logitech Webcam Software (LWS251.exe),,,,8/6/19,8/6/19,8/6/19
LogMeIn Last Pass,LogMeIn USA Inc,,,12/30/20,12/30/20,12/30/20
Logos,,,,10/1/20,10/1/20,10/1/20
Loom,,,,8/6/19,8/6/19,8/6/19
Lope Shops,Joomag Inc,,,10/23/20,10/23/20,10/23/20
Lopenet,,,,2/9/20,1/1/20,1/1/20
Lopes Learning Center,,,,2/10/20,1/1/20,1/1/20
LoudBook File,,,,8/6/19,8/6/19,8/6/19
LoudCloud,"BNED LoudCloud, LLC",,,2/3/20,2/3/20,2/3/20
LoudCloud,,,,2/11/20,1/1/20,1/1/20
LPKF CircuitPro PM 2.3,,,,6/11/21,11/29/22,
MacroCreator,,,,8/6/19,11/29/22,
Maintenance Tool Software,,,,2/28/22,11/29/22,
Make Free,,,,3/12/16,3/12/16,3/12/16
MakeMusic,MakeMusic,,,9/8/20,9/8/20,9/8/20
MakerBot,,,,8/6/19,8/6/19,8/6/19
Malwarebytes,,,,8/6/19,11/29/22,
Map Business Online,,,,1/19/21,1/19/21,1/19/21
Marching Order,Development Cubed Software,3023.5,Tira Montgomery,11/2/20,11/2/20,11/2/20
Mathplayer,,,,1/23/19,1/23/19,1/23/19
Mathworks,The Mathworks Inc,50292.89,,5/15/20,5/15/20,5/15/20
MatLab,,0,,3/31/17,3/31/17,3/31/17
Maven,,,,11/24/21,11/29/22,
MAXQDA,,,,8/6/19,8/6/19,8/6/19
MaxQDA,,,,4/27/18,4/27/18,4/27/18
MAXQDA 2019 Standard,VERBI Software GmbH,16000,Jeri Burns,10/22/19,10/22/19,10/22/19
MaxQDA 2020 Standard,VERBI Software GmbH,16000,Jeri Burns,6/22/20,6/22/20,6/22/20
Maya,Autodesk,7315.64,,2/4/20,2/4/20,2/4/20
Maya,Autodesk,,,1/15/21,1/15/21,1/15/21
Maya LT,,,,3/9/22,11/29/22,
Media Suite Recorder,,,,8/21/20,8/21/20,8/21/20
Mendeley,,,,8/6/19,8/6/19,8/6/19
MergeTools Word Add-in,,,,3/9/21,11/29/22,
Mesh Baker / Skinn Pro,Unity Technologies,105.14,,9/9/20,9/9/20,9/9/20
Microchip MPLAB(r) X IDE v3.40,,,,10/5/16,10/5/16,10/5/16
Microsoft A3,Dell Computer Corporation,,,10/12/20,10/12/20,10/12/20
Microsoft Azure,Dell Computer Corporation,,,10/26/20,10/26/20,10/26/20
Microsoft Azure,Dell Computer Corporation,,,10/26/20,10/26/20,10/26/20
Microsoft HUP,,,,2/13/20,1/1/20,1/1/20
Microsoft Learning Tools,,,,8/6/19,8/6/19,8/6/19
Microsoft Movie Maker,,,,8/6/19,8/6/19,8/6/19
Microsoft Office,,,,2/14/20,1/1/20,1/1/20
Microsoft Power Automate Desktop,,,,8/30/21,11/29/22,
Microsoft Power Automate Extensions,,,,2/28/22,11/29/22,
Microsoft Powertoys,,,,3/1/22,11/29/22,
Microsoft Premier Support,Microsoft Corporation,194300,,9/25/20,9/25/20,9/25/20
Microsoft Silverlight,,,,2/17/20,1/1/20,1/1/20
Microsoft SQL,,,,3/15/22,11/29/22,
Microsoft Sway,,,,8/6/19,11/29/22,
Microsoft Training,"GainShare, Inc",,,9/1/20,9/1/20,9/1/20
MIM – GCE – Microsoft Identity Manager,,,,2/15/20,1/1/20,1/1/20
MisterHorse Plugin,,,,8/6/19,11/29/22,
Monday.com,Monday.com,,Ha Cao,11/12/20,11/12/20,11/12/20
Motion Rocket,MotionRocket LLC,3230,Ha Cao,9/23/20,9/23/20,9/23/20
Mouseflow,Mouseflow Inc,10368,Julian Estiva,9/15/20,9/15/20,9/15/20
MPLABX,,0,,9/9/15,9/9/15,9/9/15
MPP/FSPP,Higher One Inc,57820,,5/11/20,5/11/20,5/11/20
MS Project,,,,2/25/20,1/1/20,1/1/20
Mudbox,Autodesk,,,1/20/21,1/20/21,1/20/21
Multi Site,Touma Inc,,,6/25/20,6/25/20,6/25/20
Musition Cloud,,,,3/12/20,3/12/20,3/12/20
Myapps.gcu.edu,,,,2/12/20,1/1/20,1/1/20
MySQL,,,,8/6/19,8/6/19,8/6/19
MySQL Installer,,,,1/11/22,11/29/22,
NacSport,,,,4/9/21,11/29/22,
NCAA LiveStats,,,,1/28/19,1/28/19,1/28/19
NEC NaViSet-Admin2  ,,,,8/31/20,11/30/22,
Neoloader,,,,9/8/17,9/8/17,9/8/17
Netskope,Optiv Security Inc,54889.32,,7/27/20,7/27/20,7/27/20
NetVuPoint,,,,2/18/20,1/1/20,1/1/20
New Relic,New Relic Inc,34680,,3/17/20,3/17/20,3/17/20
NexTouch POS,NexTouch,,,10/21/20,10/21/20,10/21/20
NI ELVISmx,,,,8/28/21,11/30/22,
NICE,,,,8/6/19,11/30/22,
Ninite,,,,2/19/20,1/1/20,1/1/20
Ninja,NinjaRMM LLC,18900,,8/19/20,8/19/20,8/19/20
Nintex ProMapp,Nintex USA Inc,19250,Cienna Hernandez,6/10/20,6/10/20,6/10/20
Node.js,,,,1/11/21,11/30/22,
Noteflight,Noteflight LLC,,,8/19/20,8/19/20,8/19/20
Notepad++,,,,7/24/20,11/30/22,
Nursing Consortium CCPS,Nursing Consortium of South Florida Inc,,Carrie Butler,3/25/20,3/25/20,3/25/20
NVDA Screen Reader Software,,,,8/6/19,8/6/19,8/6/19
NVDA Screen Reader Software,,,,8/6/19,11/30/22,
OBS Studio,,,,3/16/20,3/16/20,3/16/20
ODBC Driver for SQL Server,,,,9/9/14,11/30/22,
Office Timeline,,,,7/9/21,11/30/22,
OfficeStd,CD's IT Consulting,18670,,11/26/19,11/26/19,11/26/19
Omnichannel APIs,,,,6/10/22,11/30/22,
OneDrive for Slack,,,,4/29/22,11/30/22,
OnGuard,Corporate Technology Solutions LLC,1376.67,Ha Cao,7/28/20,7/28/20,7/28/20
Online Community,Ning,,Beth Bruner,1/7/21,1/7/21,1/7/21
Online Orientation,Comevo Inc,32000,Cassidy Hunt,6/3/20,6/3/20,6/3/20
OpenOffice(Install on netops),,,,8/6/19,11/30/22,
OpenShot Video Editor,,,,10/12/20,10/12/20,10/12/20
Opticon Appload,,,,9/23/21,11/30/22,
Oracle Eloqua,"Oracle America, Inc",50493.72,,9/2/20,9/2/20,9/2/20
OSIRIS NCBI,,,,12/8/17,12/8/17,12/8/17
Oxygen XML Editor Academic,Oxygen XML Editor Academic,8878.5,Madison Strong,12/10/20,12/10/20,12/10/20
PageBurst,,,,8/6/19,8/6/19,8/6/19
Paint.NET,,,,12/21/20,12/21/20,12/21/20
Palisade,,,,10/5/18,10/5/18,10/5/18
Palo Alto,Enterprise Network Solutions Inc.,10605,,1/4/21,1/4/21,1/4/21
PaperCut,,,,2/20/20,1/1/20,1/1/20
Paragon,,,,8/29/19,11/30/22,
Parchment Receiver,Parchment Inc,2346.55,,12/10/20,12/10/20,12/10/20
ParScan,,,,7/16/19,7/16/19,7/16/19
PasteItIn,,,,3/22/22,11/30/22,
Payeezy,Anthology Inc,5000,,1/5/21,1/5/21,1/5/21
Payment Processors,POSData Group Inc,,,5/11/20,5/11/20,5/11/20
Payroll Services,ADP Inc,,,1/4/21,1/4/21,1/4/21
PDF Creator,,,,8/6/19,8/6/19,8/6/19
Perla,,,,8/6/19,11/30/22,
Perrla,,,,8/6/19,11/30/22,
PFU Printer - ScanSnap,,,,11/18/20,11/18/20,11/18/20
PhoneGap,,,,1/28/16,1/28/16,1/28/16
Photo Mechanic Software,,,,4/27/18,11/28/22,
PhotoShelter CC Connector,,,,5/20/22,11/30/22,
Photron Fast Cam,,,,2/26/21,11/30/22,
Phrase Express,,,,9/7/21,11/30/22,
PingFederate/PingOne,Ping Identity Corporation,89271.4,,9/28/20,9/28/20,9/28/20
PingID,,,,2/21/20,1/1/20,1/1/20
Plan Starter,Opendorse Inc,5000,Don Drysdale,5/15/20,5/15/20,5/15/20
Planful,Planful Inc,119947.33,,4/2/20,4/2/20,4/2/20
PlayerTek,,,,8/6/19,8/6/19,8/6/19
Playmaker,Playmaker Inc,,,3/13/20,3/13/20,3/13/20
PLC Logix,,2212.5,,7/6/21,11/30/22,
PLC Logix 5000,PLC Logix 5000,2212.5,,12/30/20,12/30/20,12/30/20
Point of Sale Systems,Transact Campus Inc,,,1/9/21,1/9/21,1/9/21
Poll Everywhere,"Poll Everywhere, Inc",30900,,6/12/20,6/12/20,6/12/20
Poll Everywhere,,,,8/6/19,8/6/19,8/6/19
Poll Everywhere,,,,2/22/20,1/1/20,1/1/20
POS,One Step Data Inc,14323.09,Tira Montgomery,8/28/20,8/28/20,8/28/20
PostgreSQL 14.1,,,,1/18/22,11/30/22,
Power BI,,,,8/6/19,8/6/19,8/6/19
Power Pivot,,,,8/6/19,8/6/19,8/6/19
Powerheart(r) G5 - AED Manager 2.1,,,,6/3/19,6/3/19,6/3/19
Powershell,,558.6,,2/23/20,1/1/20,1/1/20
PowerShell Studio,SAPIEN Technologies Inc,,,4/22/20,4/22/20,4/22/20
PowerWorld Dynamics Studio,,,,12/22/21,11/30/22,
Premium Scanner (College Fairs),,,,8/6/19,8/6/19,8/6/19
Prezi (free trial),,,,8/6/19,8/6/19,8/6/19
PrintCampus,,,,2/24/20,1/1/20,1/1/20
Pro Apps Bundle,"Apple, Inc.",414.91,,1/5/21,1/5/21,1/5/21
Pro Tools First,,,,8/6/19,8/6/19,8/6/19
ProctorU,ProctorU Inc,21000,,9/14/20,9/14/20,9/14/20
Product Design,Invision,,,5/21/20,5/21/20,5/21/20
Production Truck,,,,12/13/21,11/30/22,
Professional Services,Hye Tech Network & Security Solutions LLC,,,11/11/20,11/11/20,11/11/20
Project Libre,,,,10/3/18,10/3/18,10/3/18
ProofPoint,Enterprise Network Solutions Inc.,,,8/27/19,8/27/19,8/27/19
ProQuest OneSearch,,,,5/9/22,11/30/22,
ProtoTRAK TMX Offline Software,,,,11/27/19,11/30/22,
PTC Mathcad Express,,,,8/6/19,8/6/19,8/6/19
Pycharm,,,,8/6/19,11/30/22,
Pyramed,PyraMED Health Systems,,,8/19/20,8/19/20,8/19/20
Pyramed,Media Highway,,,12/28/20,12/28/20,12/28/20
Python,,,,8/6/19,11/30/22,
Pyware,,,,8/6/19,8/6/19,8/6/19
Q-SYS Designer,,,,6/8/21,11/30/22,
Qualys,Qualys Inc,38257.02,,8/26/20,8/26/20,8/26/20
Quick Connect,,,,2/26/20,1/1/20,1/1/20
Quickie Plus,"ZenDesk, Inc",,,8/17/20,8/17/20,8/17/20
Quicktime Player,,,,8/6/19,8/6/19,8/6/19
R Studio,,,,3/15/22,11/30/22,
Rave Mobile Safety,"Rave Wireless, Inc",4482.77,Terry Guerrero,2/6/20,2/6/20,2/6/20
Reallusion,,,,3/9/22,11/30/22,
RealRecruit,RealRecruit LLC,16800,Mark Wilty,7/1/20,7/1/20,7/1/20
Recast,Recast LLC,4320,Chad Troxel,4/3/20,4/3/20,4/3/20
Red Apple Workflow Installer,,,,4/1/20,4/1/20,4/1/20
Red Cine X,,,,8/6/19,8/6/19,8/6/19
Redshift Rendering,RedShift Rendering Technologies Inc,,,1/16/20,1/16/20,1/16/20
Refworks,,,,12/9/20,12/9/20,12/9/20
Remark Office OMR 9.5.16,,,,3/9/21,11/30/22,
Remote Desktop,,,,2/27/20,1/1/20,1/1/20
REN-ISAC,Indiana University,,,5/31/20,5/31/20,5/31/20
Report Builder,,,,6/12/17,6/12/17,6/12/17
Resharper,JetBrains Americas Inc,,,8/28/20,8/28/20,8/28/20
Resource Scheduler App,,,,2/28/20,1/1/20,1/1/20
Right View Pro,,,,1/15/20,1/15/20,1/15/20
Right View Pro,,,,1/15/20,11/30/22,
Rising Software,Rising Software Australia Pty Ltd,6490,,12/2/20,12/2/20,12/2/20
RMS Keyboards,,,,3/30/22,11/30/22,
Rocketbook,,,,4/29/22,11/30/22,
RStudio,,,,11/19/20,11/19/20,11/19/20
Rubric Reader,,,,2/29/20,1/1/20,1/1/20
Ruby,,,,8/6/19,8/6/19,8/6/19
Ryver Enterprise,Ryver LLC,8150,,11/3/20,11/3/20,11/3/20
S/MIME Control,,,,4/13/21,11/30/22,
Saba,Saba Software Inc,24266.56,,2/4/20,2/4/20,2/4/20
Sabre Red,,,,3/1/20,1/1/20,1/1/20
Safari,,,,8/6/19,8/6/19,8/6/19
Safety Skills Compliance,SafetySkills LLC,,,6/16/20,6/16/20,6/16/20
Sage CRM,Sage Software Inc,,,2/18/20,2/18/20,2/18/20
Sage FAS,Net at Work Inc,,,8/10/20,8/10/20,8/10/20
SAGE Online (For Distributors),,,,7/10/17,7/10/17,7/10/17
Sales Pad Consulting,Sales Pad LLC,855.31,,10/15/19,10/15/19,10/15/19
Salesforce,Salesforce.org LLC,315096,Cienna Hernandez,4/22/20,4/22/20,4/22/20
Salesforce,"MerlinOne, Inc",376817.5,Cienna Hernandez,11/10/20,11/10/20,11/10/20
SAL-NET,,,,8/6/19,11/30/22,
SALSA LipSync,Unity,,,1/5/21,1/5/21,1/5/21
SBL Hebrew Keyboard Driver,,,,2/8/16,2/8/16,2/8/16
ScanSnap - PFU Printer,,,,8/6/19,8/6/19,8/6/19
Scantron,Scantron Corporation,3057.9,,6/16/20,6/16/20,6/16/20
ScheduleView,,,,3/2/20,1/1/20,1/1/20
Screaming Frog,,,,8/3/20,11/30/22,
Screen Reader,JAWS,,,10/15/20,10/15/20,10/15/20
Screencast-O-Matic,,,,8/6/19,11/30/22,
ScreenCloud,,,,5/11/22,11/30/22,
ScreenSteps Desktop,,,,8/6/19,8/6/19,8/6/19
SensorUtility,,,,8/6/19,11/30/22,
SEO Monitor,SEMrush,3679.4,Sandy Dantzer,1/9/21,1/9/21,1/9/21
Separation Studio,,,,8/6/19,8/6/19,8/6/19
Sequel Server Management Studio,,,,2/4/19,2/4/19,2/4/19
Serenity BDD,,,,10/24/21,11/30/22,
Server Hosting,Rackspace LTD,3001.65,,8/6/20,8/6/20,8/6/20
Service Desk,A&I Solutions Inc,,,12/14/20,12/14/20,12/14/20
Service Desk,,,,3/3/20,1/1/20,1/1/20
Service Request System,,,,3/9/20,1/1/20,1/1/20
Services Plan - X-SMALL,American Registry for Internet,,,10/15/20,10/15/20,10/15/20
ShareBrowser,,,,10/31/19,10/31/19,10/31/19
Sharebrowser,,,,10/31/19,11/30/22,
Sharegate,Sharegate Inc,6995,,3/6/20,3/6/20,3/6/20
Sharepoint,,,,3/4/20,1/1/20,1/1/20
Shopify,,,,5/3/22,11/30/22,
Shure Update Utility,,,,3/13/18,11/30/22,
SIDEARM,SIDEARM Sports,4725,Mark Wilty,10/26/20,10/26/20,10/26/20
Sierra Desktop,,,,8/28/20,8/28/20,8/28/20
Silhouette Studio,,,,4/20/20,4/20/20,4/20/20
Silverlight,,,,11/4/14,11/4/14,11/4/14
SimViewer,,,,12/28/22,12/28/22,
Sisense Server,Sisense Inc,26250,,1/13/21,1/13/21,1/13/21
Siteimprove,Siteimprove Inc,,,9/23/20,9/23/20,9/23/20
Sketch Team Subscription,3.0 Sketch,,,1/31/20,1/31/20,1/31/20
Sketch Team Subscription,1.0 Sketch,,,1/13/20,1/13/20,1/13/20
SketchUp,,,,9/25/18,9/25/18,9/25/18
Skype for Business,,,,3/5/20,1/1/20,1/1/20
SkyTouch Services,Choice Hotels International Inc,21600,katya hofmann,10/28/19,10/28/19,10/28/19
Slack,,,,5/26/21,11/30/22,
Slido for PowerPoint,,,,2/28/22,11/30/22,
SMART Notebook,,,,3/31/16,3/31/16,3/31/16
Smartsheet,Smartsheet.com Inc,,,10/15/20,10/15/20,10/15/20
SmartyStreets,SmartyStreets LLC,,,12/23/20,12/23/20,12/23/20
Snag It,,,,3/6/20,1/1/20,1/1/20
Snag It,,24.97,,8/6/19,11/30/22,
SnagIt,Software One Inc,,,12/14/20,12/14/20,12/14/20
Snap Survey,Snap Surveys NH Inc,,Judith Eroe,7/10/20,7/10/20,7/10/20
SnapEngage Enterprise Agents,SnapEngage LLC,,,12/4/20,12/4/20,12/4/20
Snapgene,,,,5/29/20,5/29/20,5/29/20
Snipping tool,,,,3/7/20,1/1/20,1/1/20
snsdiag-macos-20190212-175209,,,,1/5/22,11/30/22,
Soccer Heart Rate Montors,Catapult Sports LLC,,,3/17/20,3/17/20,3/17/20
Social Monitoring,Sendible,,,1/9/21,1/9/21,1/9/21
Social Tables,Cvent,,Tira Montgomery,8/20/20,8/20/20,8/20/20
Social Tables,SocialVenu Inc,,,5/28/20,5/28/20,5/28/20
SocialVenu,SocialVenu Inc,,,7/1/20,7/1/20,7/1/20
Soft Token,,,,8/6/19,11/30/22,
SoftChalk,,,,8/6/19,8/6/19,8/6/19
SoftChalk Cloud,Softchalk LLC,,,1/8/21,1/8/21,1/8/21
SOLIDWORKS,GoEngineer Inc,,,9/4/20,9/4/20,9/4/20
SolidWorks,,,,8/8/16,8/8/16,8/8/16
Sonicwall Advanced Gateway,CD's IT Consulting,,,3/2/20,3/2/20,3/2/20
Sound Forge,,,,8/6/19,8/6/19,8/6/19
SoundCore Q10 Bluetooth Headset,,,,1/20/22,11/30/22,
Soundstripe,Soundstripe,359.4,,12/1/20,12/1/20,12/1/20
SOX Portal,Protiviti,,,1/20/21,1/20/21,1/20/21
Spark,,,,4/29/22,11/30/22,
Spark AR App,,,,1/4/22,11/30/22,
Sphere 2,,,,9/20/21,11/30/22,
Splashtop,,,,6/17/21,11/30/22,
Splunk,Enterprise Network Solutions Inc.,195105,,12/15/20,12/15/20,12/15/20
SponsorUnited Professional,SponsorUnited Inc,218.81,,10/12/20,10/12/20,10/12/20
Sports Med,"Keffer Development Services, LLC",,,6/30/20,6/30/20,6/30/20
Sports Med,ImPACT Applications Inc,,,10/23/20,10/23/20,10/23/20
Sports Med Weather Service,DTN LLC,,,12/1/20,12/1/20,12/1/20
Sports Solutions,Dartfish USA,,,11/24/20,11/24/20,11/24/20
Sports Stats/Data,InStat Limited,,,8/4/20,8/4/20,8/4/20
Sportscode Elit,Hudl,,,8/27/20,8/27/20,8/27/20
Spotify/Music streaming software,,,,8/6/19,11/30/22,
SPSS,International Business Machines Corporation,21845.06,,9/23/20,9/23/20,9/23/20
SPSS,,,,3/10/20,1/1/20,1/1/20
SPSS Amos,,,,8/6/19,8/6/19,8/6/19
SpyBot,,,,8/6/19,11/30/22,
Spyder5Elite+,,,,8/2/19,8/2/19,8/2/19
SQL,,,,3/8/20,1/1/20,1/1/20
SSIS Powerpack,ZappySys LLC,,,5/20/20,5/20/20,5/20/20
SSL/TLS,DigiCert Inc,,,9/29/20,9/29/20,9/29/20
StarRez,StarRez Inc,6575.72,Sarah Castro,8/26/20,8/26/20,8/26/20
StatBroadcast,Radiak Group LLC,,Don Drysdale,8/25/20,8/25/20,8/25/20
Steam ,,,,4/20/20,11/30/22,
StoryLine,,,,8/6/19,11/30/22,
Strength,dorsaVi,,Mark Wilty,7/2/20,7/2/20,7/2/20
Studio One,,,,8/6/19,8/6/19,8/6/19
SubItUp,SubItUp inc,,Jessica Defoy,7/8/20,7/8/20,7/8/20
Substance Pro,Adobe,,,12/22/20,12/22/20,12/22/20
SurveyMonkey,SurveyMonkey Inc,4372.6,,9/29/20,9/29/20,9/29/20
Swimming 8.0,,,,8/6/19,11/30/22,
Switcher Cast for Windows,,,,8/21/20,8/21/20,8/21/20
Symantex VIP,,,,2/11/22,11/30/22,
Symplicity,Symplicity Corporation,15595.2,Bianca Shaw,6/16/20,6/16/20,6/16/20
Synergy Sports,Synergy Sports Technology LLC,,,7/7/20,7/7/20,7/7/20
System Center Configuration Manager Console (SCCM),,,,3/11/20,1/1/20,1/1/20
Tableau Reader/Desktop,,,,8/6/19,8/6/19,8/6/19
Tag Assistant Companion,,,,3/1/22,11/30/22,
Tagboard,,,,3/2/22,11/30/22,
Tajima DG15,,,,8/6/19,8/6/19,8/6/19
TangiX Tester PROClient,,,,4/14/21,11/30/22,
Tapspace libraries,,,,8/6/19,11/30/22,
TASER Int. Evidence Sync,,,,8/6/19,8/6/19,8/6/19
Taskstream,Watermark Insights LLC,,,3/30/20,3/30/20,3/30/20
Team Calendar,TeamUp,,Beth Bruner,10/20/20,10/20/20,10/20/20
Team Infographics,Fuzzy Red Panda LLC,25000,Don Drysdale,6/17/20,6/17/20,6/17/20
Team Manager,,,,8/21/21,11/30/22,
Teamsites,,,,3/12/20,1/1/20,1/1/20
TeamViewer,TeamViewer,,,11/3/20,11/3/20,11/3/20
Teamwork Timer,,,,8/6/19,11/30/22,
Teamworks,Teamworks Innovations,2225.47,Don Drysdale,8/6/20,8/6/20,8/6/20
Technical Training,"GainShare, Inc",,,9/1/20,9/1/20,9/1/20
Tesira Design,,,,2/7/22,11/30/22,
Test,SomethingCool,,,6/1/22,6/1/22,
Test - Roxanne,,,,6/6/22,6/6/22,
TestGen (Pearson),,,,8/6/19,8/6/19,8/6/19
Text Expander,,,,8/6/19,11/30/22,
ThePBone/GalaxyBudsClient,,,,2/25/21,11/30/22,
ThermoLib,,,,3/31/17,3/31/17,3/31/17
ThinkingStorm,ThinkingStorm Inc,,,7/10/20,7/10/20,7/10/20
Ticket Office,Flash Seats Vertical Alliance LLC,24,Tira Montgomery,6/2/20,6/2/20,6/2/20
Total Care iQ Gold Package,Education Management Solutions LLC,,,1/7/21,1/7/21,1/7/21
Tournament LIVE,GolfStat Inc,,Don Drysdale,2/28/20,2/28/20,2/28/20
TPP,,,,8/6/19,11/30/22,
Trello,,15330,,9/13/13,11/30/22,
Trivia,,,,6/9/22,11/30/22,
Trusteer's Rapport Security Software,,,,3/1/21,11/30/22,
TSScan,,,,4/1/22,11/30/22,
Turbo .264HD-Elgato (MAC),,,,8/6/19,8/6/19,8/6/19
Tutor Trac,Redrock Software Corp,,,6/24/20,6/24/20,6/24/20
Twilio,Twilio Inc,179.4,Jessica Defoy,6/12/20,6/12/20,6/12/20
Type it in,,,,8/6/19,11/30/22,
TyphonGroup,Typhon Group,,,9/14/20,9/14/20,9/14/20
Ubuntu,,,,9/13/18,9/13/18,9/13/18
UniCheck,Plagix LLC,100,,10/13/20,10/13/20,10/13/20
Unity,,,,8/6/19,8/6/19,8/6/19
Unity Pro,,,,3/9/22,11/30/22,
Universal Music,Z Tunes LLC,,,12/22/20,12/22/20,12/22/20
Universe Design Tool for SAP Business Objects,,,,12/6/19,11/30/22,
USB-MIDI Driver,,,,9/28/20,9/28/20,9/28/20
USGA TM Club Premium,Golf Genius Software LLC,,Alec Dahlquist,7/9/20,7/9/20,7/9/20
Vault,Optiv Security Inc,,,8/24/20,8/24/20,8/24/20
Vector Works,,,,8/6/19,11/30/22,
Verizon Message Application,,,,8/6/19,11/30/22,
Vernier Video Analysis,,,,6/22/20,6/22/20,6/22/20
Versadial,Versadial Solutions,,Terry Guerrero,9/29/20,9/29/20,9/29/20
Vertex,"Vertex, Inc",36077,,9/29/20,9/29/20,9/29/20
Video Observer,,,,8/6/19,11/30/22,
Vimba,,,,8/6/19,8/6/19,8/6/19
Vimeo,Vimeo,,,11/11/20,11/11/20,11/11/20
VIP Access Setup/Symantex VIP,,,,2/11/22,11/30/22,
Virbela Stream,,,,4/13/21,11/30/22,
Virtual Light Lab,,,,8/6/19,8/6/19,8/6/19
Virtual PC,,,,8/6/19,8/6/19,8/6/19
Virtual Simulations,Laerdal Medical,,,1/7/21,1/7/21,1/7/21
Virtualbox,,,,10/31/18,10/31/18,10/31/18
Visio,,,,8/6/19,8/6/19,8/6/19
VISIO,,,,3/13/20,1/1/20,1/1/20
Visual Studio,,,,8/6/19,8/6/19,8/6/19
Visual studio,,,,3/14/20,1/1/20,1/1/20
VitalSource,,,,8/6/19,8/6/19,8/6/19
Vitrium,Vitrium Systems Inc,69977,,5/6/20,5/6/20,5/6/20
Vitrium,Vitrium Systems Inc.,20017,,11/4/20,11/4/20,11/4/20
Vixen Lights,,,,11/6/19,11/30/22,
VLA Azure,Dell Computer Corporation,79501.27,,8/24/20,8/24/20,8/24/20
VLA AZURE,Dell Computer Corporation,,,12/18/20,12/18/20,12/18/20
VLA Flow Plan EDU,Dell Computer Corporation,,Deana Silva,6/2/20,6/2/20,6/2/20
VLC,,,,8/6/19,8/6/19,8/6/19
vMix,,,,6/25/20,6/25/20,6/25/20
VMWare Fusion Professional,CDW Government LLC,,,3/4/20,3/4/20,3/4/20
VMWare Pro,,155.6,,8/23/21,11/30/22,
Volleymetrics,Hudl,,,12/22/20,12/22/20,12/22/20
Volleymetrics,VolleyMetrics LLC,5000,,6/24/20,6/24/20,6/24/20
VolleyStation Pro,,,,4/25/22,11/30/22,
VolleyStation Streamer,,,,4/25/22,11/30/22,
VPN,,,,3/15/20,1/1/20,1/1/20
Vstarcam,,,,8/6/19,8/6/19,8/6/19
VTLS Library Circulation Software,,,,8/6/19,8/6/19,8/6/19
Wacom,,,,8/6/19,11/30/22,
WalkMe,"WalkMe, Inc",58253.04,,10/3/20,10/3/20,10/3/20
Wasp,,,,8/6/19,8/6/19,8/6/19
Waxie Apps,,,,8/6/19,11/30/22,
Webex,,,,7/25/14,7/25/14,7/25/14
Wellable,,,,5/4/22,11/30/22,
WhatsApp,,,,4/28/20,11/30/22,
WildFire,Enterprise Network Solutions Inc.,1932.02,,10/7/20,10/7/20,10/7/20
Wimba Diploma,,,,8/6/19,8/6/19,8/6/19
Windows Terminal,,,,2/12/20,11/30/22,
WinMerge,,,,8/6/19,11/30/22,
WIN-PACK,Next Protection LLC,6480,Ha Cao,4/9/20,4/9/20,4/9/20
WinPak,,,,8/6/19,8/6/19,8/6/19
Winscp,,,,8/24/22,8/24/22,
WINSCP,,,,8/6/19,11/30/22,
Word to EPUB,,,,10/14/20,10/14/20,10/14/20
WordtoEPUB,,,,9/30/20,11/30/22,
WorkaMajig,Creative Manager Inc,22000,Cienna Hernandez,7/28/20,7/28/20,7/28/20
WorkDay,"Workday, Inc",6800,,9/1/20,9/1/20,9/1/20
Workday,,,,3/17/20,1/1/20,1/1/20
WorkEngine,,,,3/16/20,1/1/20,1/1/20
Write N Cite,,0,,8/6/19,8/6/19,8/6/19
WVB DataVolley,Genius Sports Media Inc,,Don Drysdale,6/9/20,6/9/20,6/9/20
Xampp,,,,5/19/16,5/19/16,5/19/16
X-Author,,,,8/6/19,8/6/19,8/6/19
XRM,,,,3/18/20,1/1/20,1/1/20
ZenDesk,"ZenDesk, Inc",16346.4,,11/30/20,11/30/20,11/30/20
ZenQ,Zen Quality Assurance Put Ltd,92000,,10/12/20,10/12/20,10/12/20
ZipWhip,ZipWhip Inc,,,10/22/20,10/22/20,10/22/20
ZOHO Helpdesk,ZOHO Corporation,6386.3,,11/24/20,11/24/20,11/24/20
Zoom,Zoom,1596.23,,1/4/21,1/4/21,1/4/21
Zoom,Zoom Video Communications Inc,2573.23,,4/30/20,4/30/20,4/30/20
Zoom,,,,8/6/19,8/6/19,8/6/19
Zoom,,,,3/19/20,1/1/20,1/1/20
Zoomph,Zoomph Inc,,,6/18/20,6/18/20,6/18/20
Zotero,,,,8/6/19,8/6/19,8/6/19
Zune,,,,8/6/19,11/30/22,
,,10657262.89,,,,